Joint_L0_deg,Joint_L1_deg,Joint_L2_U_deg,Joint_L3_U_deg,Joint_L2_R_deg,Joint_L2_L_deg,Joint_L3_R_deg,Joint_L3_L_deg,Joint_L4_R_deg,Joint_L4_L_deg,Joint_L5_R_deg,Joint_L5_L_deg,Joint_L6_R_deg,Joint_L6_L_deg,Joint_L7_R_deg,Joint_L7_L_deg,Joint_L8_R_deg,Joint_L8_L_deg
0.0,0.0,0.0,0.0,0.0,0.0,79.98490905761719,-79.98490905761719,96.14231872558594,-96.14231872558594,100.0957260131836,-100.0957260131836,90.00020599365234,-90.00020599365234,0.0,0.0,0.0,0.0
6.108421501949124e-08,0.0,0.0,0.0,0.0350794680416584,-0.0350809283554554,79.95101165771484,-79.95101165771484,96.14826965332031,-96.14826965332031,100.0397720336914,-100.0397720336914,90.04635620117188,-90.04635620117188,-0.04126755893230438,0.04128001257777214,0.009456966072320938,0.009456316009163857
2.401955612185702e-07,0.0,0.0,0.0,0.13793960213661194,-0.13794535398483276,79.85162353515625,-79.85162353515625,96.16571044921875,-96.16571807861328,99.8757095336914,-99.87570190429688,90.18165588378906,-90.18165588378906,-0.16227245330810547,0.16232141852378845,0.037186719477176666,0.03718416020274162
5.31122054781008e-07,0.0,0.0,0.0,0.3050130009651184,-0.30502569675445557,79.69019317626953,-79.690185546875,96.19404602050781,-96.19405364990234,99.60922241210938,-99.60919952392578,90.40142822265625,-90.40143585205078,-0.3588179051876068,0.3589262068271637,0.08222752064466476,0.0822218656539917
9.276517971557041e-07,0.0,0.0,0.0,0.5327322483062744,-0.5327544212341309,79.47016906738281,-79.47015380859375,96.23265838623047,-96.23268127441406,99.24600982666016,-99.24595642089844,90.70097351074219,-90.70098114013672,-0.6267073154449463,0.6268965005874634,0.1436176598072052,0.14360778033733368
1.4235727121558739e-06,0.0,0.0,0.0,0.8175299763679504,-0.8175640106201172,79.19498443603516,-79.19496154785156,96.28096008300781,-96.28099060058594,98.791748046875,-98.79167175292969,91.07559967041016,-91.07560729980469,-0.9617438912391663,0.9620341658592224,0.22039540112018585,0.2203802466392517
2.012673121498665e-06,0.0,0.0,0.0,1.1558387279510498,-1.1558868885040283,78.86810302734375,-78.86807250976562,96.33834075927734,-96.33837127685547,98.25214385986328,-98.25203704833984,91.52061462402344,-91.5206298828125,-1.3597310781478882,1.3601415157318115,0.3115990161895752,0.31157761812210083
2.6887405510933604e-06,0.0,0.0,0.0,1.5440911054611206,-1.5441553592681885,78.49295806884766,-78.49292755126953,96.40418243408203,-96.40422821044922,97.63287353515625,-97.63272857666016,92.03132629394531,-92.0313491821289,-1.8164719343185425,1.817020058631897,0.4162667691707611,0.4162381589412689
3.4455636068742024e-06,0.0,0.0,0.0,1.978719711303711,-1.9788020849227905,78.07300567626953,-78.07295989990234,96.4778823852539,-96.47795104980469,96.93962860107422,-96.93944549560547,92.60304260253906,-92.60307312011719,-2.327770233154297,2.32847261428833,0.5334370136260986,0.533400297164917
4.276929757907055e-06,0.0,0.0,0.0,2.4561569690704346,-2.456259250640869,77.61168670654297,-77.61163330078125,96.55885314941406,-96.5589370727539,96.17810821533203,-96.1778793334961,93.23107147216797,-93.23110961914062,-2.88942813873291,2.8903002738952637,0.6621478199958801,0.6621023416519165
5.176628292247187e-06,0.0,0.0,0.0,2.9728360176086426,-2.9729597568511963,77.11245727539062,-77.11238861083984,96.64647674560547,-96.64657592773438,95.35398864746094,-95.35371398925781,93.91072082519531,-93.9107666015625,-3.49725079536438,3.4983060359954834,0.8014377951622009,0.8013826608657837
6.138446224213112e-06,0.0,0.0,0.0,3.5251893997192383,-3.5253360271453857,76.57875061035156,-76.57866668701172,96.74015045166016,-96.74026489257812,94.47297668457031,-94.47264099121094,94.63729095458984,-94.63733673095703,-4.147039890289307,4.14829158782959,0.950344979763031,0.9502796530723572
7.15617125024437e-06,0.0,0.0,0.0,4.109648704528809,-4.1098198890686035,76.01403045654297,-76.01393127441406,96.83926391601562,-96.83940887451172,93.54075622558594,-93.54036712646484,95.40609741210938,-95.40615844726562,-4.834599494934082,4.836058616638184,1.1079076528549194,1.1078314781188965
8.223590157285798e-06,0.0,0.0,0.0,4.722646713256836,-4.722843647003174,75.4217300415039,-75.42162322998047,96.94322204589844,-96.9433822631836,92.5630111694336,-92.56256103515625,96.21244049072266,-96.21250915527344,-5.555731296539307,5.557408332824707,1.273163914680481,1.2730764150619507
9.334496098745149e-06,0.0,0.0,0.0,5.3606181144714355,-5.360841274261475,74.8052978515625,-74.80517578125,97.0514144897461,-97.05159759521484,91.5454330444336,-91.544921875,97.05164337158203,-97.05171966552734,-6.306241989135742,6.308145523071289,1.4451525211334229,1.445053219795227
1.0482672223588452e-05,0.0,0.0,0.0,6.019992828369141,-6.020244121551514,74.1681900024414,-74.16804504394531,97.16323852539062,-97.16344451904297,90.49371337890625,-90.4931411743164,97.91899108886719,-97.91908264160156,-7.081932544708252,7.084069728851318,1.6229115724563599,1.6227998733520508
1.1661908501992002e-05,0.0,0.0,0.0,6.697206020355225,-6.697484493255615,73.51384735107422,-73.51368713378906,97.27808380126953,-97.27831268310547,89.4135513305664,-89.41291046142578,98.80980682373047,-98.80990600585938,-7.878607273101807,7.880984783172607,1.8054791688919067,1.805355191230774
1.2865992175647989e-05,0.0,0.0,0.0,7.388687610626221,-7.388995170593262,72.84571075439453,-72.84554290771484,97.39534759521484,-97.39559936523438,88.31062316894531,-88.3099136352539,99.71939086914062,-99.71949768066406,-8.69206714630127,8.694690704345703,1.9918936491012573,1.991756796836853
1.40887095767539e-05,0.0,0.0,0.0,8.090869903564453,-8.091206550598145,72.167236328125,-72.16704559326172,97.51443481445312,-97.51471710205078,87.19062805175781,-87.18984985351562,100.64305114746094,-100.6431655883789,-9.518115997314453,9.520989418029785,2.1811928749084473,2.1810429096221924
1.5323854313464835e-05,0.0,0.0,0.0,8.800189018249512,-8.800555229187012,71.48187255859375,-71.4816665649414,97.63472747802734,-97.63502502441406,86.05924987792969,-86.05841064453125,101.57610321044922,-101.57622528076172,-10.352560997009277,10.355685234069824,2.3724160194396973,2.372252941131592
1.6565209079999477e-05,0.0,0.0,0.0,9.513075828552246,-9.513471603393555,70.79305267333984,-70.79283142089844,97.75562286376953,-97.75595092773438,84.92218017578125,-84.92127227783203,102.51384735107422,-102.51398468017578,-11.191202163696289,11.194579124450684,2.564600944519043,2.564424753189087
1.7806563846534118e-05,0.0,0.0,0.0,10.225960731506348,-10.226386070251465,70.10424041748047,-70.10400390625,97.87651824951172,-97.87686920166016,83.78511810302734,-83.78414154052734,103.45158386230469,-103.45172882080078,-12.029840469360352,12.033472061157227,2.7567853927612305,2.7565958499908447
1.9041708583245054e-05,0.0,0.0,0.0,10.935280799865723,-10.935735702514648,69.41887664794922,-69.41861724853516,97.99681091308594,-97.99718475341797,82.65373992919922,-82.65269470214844,104.38462829589844,-104.3847885131836,-12.864286422729492,12.868169784545898,2.9480090141296387,2.9478061199188232
2.026442962232977e-05,0.0,0.0,0.0,11.63746452331543,-11.637948989868164,68.74039459228516,-68.74012756347656,98.11589050292969,-98.11629486083984,81.53373718261719,-81.53262329101562,105.30829620361328,-105.30845642089844,-13.690337181091309,13.69446849822998,3.1373085975646973,3.1370925903320312
2.1468511476996355e-05,0.0,0.0,0.0,12.328946113586426,-12.329460144042969,68.07225799560547,-68.07197570800781,98.23316192626953,-98.23358154296875,80.4308090209961,-80.42963409423828,106.21788024902344,-106.21805572509766,-14.50379753112793,14.50817584991455,3.3237228393554688,3.3234944343566895
2.2647747755399905e-05,0.0,0.0,0.0,13.006157875061035,-13.006699562072754,67.41791534423828,-67.41761779785156,98.34800720214844,-98.34845733642578,79.35064697265625,-79.34940338134766,107.10868835449219,-107.10887908935547,-15.300471305847168,15.305089950561523,3.5062904357910156,3.506049156188965
2.3795921151759103e-05,0.0,0.0,0.0,13.665532112121582,-13.66610050201416,66.78080749511719,-66.78048706054688,98.45983123779297,-98.46029663085938,78.29893493652344,-78.2976303100586,107.97604370117188,-107.97623443603516,-16.076160430908203,16.081010818481445,3.684048652648926,3.68379545211792
2.4906828912207857e-05,0.0,0.0,0.0,14.303504943847656,-14.304100036621094,66.16437530517578,-66.1640396118164,98.5680160522461,-98.56851959228516,77.2813491821289,-77.27998352050781,108.81523895263672,-108.81544494628906,-16.826671600341797,16.831748962402344,3.8560380935668945,3.8557729721069336
2.5974248273996636e-05,0.0,0.0,0.0,14.916501998901367,-14.917122840881348,65.57207489013672,-65.57173156738281,98.67198181152344,-98.67249298095703,76.3036117553711,-76.30218505859375,109.62158966064453,-109.62179565429688,-17.54780387878418,17.5531005859375,4.021294116973877,4.021017551422119
2.699197648325935e-05,0.0,0.0,0.0,15.500962257385254,-15.501607894897461,65.0073471069336,-65.00698852539062,98.7710952758789,-98.7716293334961,75.37138366699219,-75.36990356445312,110.39039611816406,-110.39061737060547,-18.23536491394043,18.240869522094727,4.17885684967041,4.178569793701172
2.795379259623587e-05,0.0,0.0,0.0,16.053314208984375,-16.053983688354492,64.4736557006836,-64.47327423095703,98.8647689819336,-98.86532592773438,74.49037170410156,-74.48883819580078,111.1169662475586,-111.11719512939453,-18.885154724121094,18.890851974487305,4.32776403427124,4.3274664878845215
2.88534902210813e-05,0.0,0.0,0.0,16.569992065429688,-16.5706844329834,63.974422454833984,-63.97403335571289,98.952392578125,-98.95296478271484,73.66625213623047,-73.66468048095703,111.79661560058594,-111.7968521118164,-19.49297332763672,19.498857498168945,4.4670538902282715,4.466746807098389
2.9684857508982532e-05,0.0,0.0,0.0,17.04743194580078,-17.048141479492188,63.51310348510742,-63.5127067565918,99.03335571289062,-99.03394317626953,72.90473175048828,-72.90310668945312,112.42464447021484,-112.42488861083984,-20.05463409423828,20.060688018798828,4.595765113830566,4.595448970794678
3.0441677154158242e-05,0.0,0.0,0.0,17.482059478759766,-17.482786178588867,63.0931510925293,-63.09274673461914,99.10706329345703,-99.10767364501953,72.21149444580078,-72.20982360839844,112.99635314941406,-112.9966049194336,-20.565929412841797,20.5721378326416,4.712934970855713,4.712610721588135
3.111774640274234e-05,0.0,0.0,0.0,17.870311737060547,-17.871057510375977,62.7180061340332,-62.71759033203125,99.17290496826172,-99.17353057861328,71.59221649169922,-71.59051513671875,113.50707244873047,-113.50733184814453,-21.022672653198242,21.029016494750977,4.817602634429932,4.817271709442139
3.170684794895351e-05,0.0,0.0,0.0,18.208621978759766,-18.209381103515625,62.39112091064453,-62.39069747924805,99.23027801513672,-99.23091125488281,71.0526123046875,-71.05087280273438,113.95208740234375,-113.95234680175781,-21.4206600189209,21.427125930786133,4.908806800842285,4.908469200134277
3.220276630599983e-05,0.0,0.0,0.0,18.493419647216797,-18.49418830871582,62.11594009399414,-62.115509033203125,99.27857971191406,-99.27922058105469,70.59835815429688,-70.59658813476562,114.32671356201172,-114.32698059082031,-21.755695343017578,21.76226234436035,4.985583782196045,4.985240936279297
3.259929872001521e-05,0.0,0.0,0.0,18.72113800048828,-18.721920013427734,61.895912170410156,-61.895477294921875,99.31719970703125,-99.31784057617188,70.23513793945312,-70.23334503173828,114.62625885009766,-114.62653350830078,-22.02358627319336,22.03023338317871,5.0469746589660645,5.046627521514893
3.289022424723953e-05,0.0,0.0,0.0,18.888212203979492,-18.88899803161621,61.73448181152344,-61.73403549194336,99.34553527832031,-99.34618377685547,69.9686508178711,-69.96685028076172,114.84602355957031,-114.84629821777344,-22.220130920410156,22.226837158203125,5.092014789581299,5.091664791107178
3.3069336495827883e-05,0.0,0.0,0.0,18.991071701049805,-18.99186134338379,61.635093688964844,-61.63465118408203,99.36297607421875,-99.36363220214844,69.8045883178711,-69.80277252197266,114.98133087158203,-114.98160552978516,-22.341135025024414,22.34787940979004,5.119745254516602,5.1193928718566895
3.313041815999895e-05,0.0,0.0,0.0,19.026151657104492,-19.02694320678711,61.6011962890625,-61.60075378417969,99.36892700195312,-99.36958312988281,69.7486343383789,-69.74681854248047,115.02747344970703,-115.02774810791016,-22.382404327392578,22.389158248901367,5.129201889038086,5.128849506378174
3.313041815999895e-05,0.0,0.0,0.0,19.026151657104492,-19.02694320678711,61.6011962890625,-61.60075378417969,99.36892700195312,-99.36958312988281,69.7486343383789,-69.74681854248047,115.02747344970703,-115.02774810791016,-22.382404327392578,22.389158248901367,5.129201889038086,5.128849506378174
4.855170482187532e-05,0.0,0.0,0.0,18.92695426940918,-18.927766799926758,61.805999755859375,-61.8055419921875,99.30181884765625,-99.30247497558594,70.07337188720703,-70.0715560913086,114.93724822998047,-114.93753814697266,-22.13111686706543,22.13787841796875,5.248909950256348,5.248616695404053
4.71109633508604e-05,0.0,0.0,0.0,18.787965774536133,-18.788787841796875,62.055397033691406,-62.054988861083984,99.22530364990234,-99.2259292602539,70.52214050292969,-70.5203628540039,114.84211730957031,-114.84242248535156,-21.819278717041016,21.826047897338867,5.434803485870361,5.434530258178711
5.1059665565844625e-05,0.0,0.0,0.0,18.60392189025879,-18.60477066040039,62.39550018310547,-62.39509201049805,99.11579132080078,-99.1164321899414,71.12443542480469,-71.12265014648438,114.70651245117188,-114.70685577392578,-21.396343231201172,21.403125762939453,5.683614730834961,5.68336820602417
6.717464566463605e-05,0.0,0.0,0.0,18.383127212524414,-18.38395118713379,62.821075439453125,-62.82069396972656,98.96966552734375,-98.97032165527344,71.8610610961914,-71.8592529296875,114.52660369873047,-114.52696990966797,-20.87117576599121,20.877975463867188,5.9869794845581055,5.986672878265381
8.040813554544002e-05,0.0,0.0,0.0,18.13395118713379,-18.13480567932129,63.32697296142578,-63.32661819458008,98.78321075439453,-98.78385162353516,72.7123031616211,-72.71054077148438,114.29840087890625,-114.29877471923828,-20.252721786499023,20.259517669677734,6.336261749267578,6.336002826690674
0.00010346002818550915,0.0,0.0,0.0,17.864768981933594,-17.86565399169922,63.90812683105469,-63.907772064208984,98.5525131225586,-98.55318450927734,73.65802764892578,-73.65624237060547,114.01783752441406,-114.01828002929688,-19.550052642822266,19.55687141418457,6.722992420196533,6.7227582931518555
0.0001246976462425664,0.0,0.0,0.0,17.583641052246094,-17.58454704284668,64.5593490600586,-64.5590591430664,98.27396392822266,-98.2746353149414,74.67813873291016,-74.6763916015625,113.6811294555664,-113.68162536621094,-18.772201538085938,18.77901268005371,7.138952255249023,7.138759613037109
0.00014999069389887154,0.0,0.0,0.0,17.29807472229004,-17.298986434936523,65.27558898925781,-65.27532196044922,97.94428253173828,-97.9449462890625,75.7530746459961,-75.75135803222656,113.28499603271484,-113.2855224609375,-17.928083419799805,17.934911727905273,7.576382160186768,7.576206207275391
0.0001604494173079729,0.0,0.0,0.0,17.01481056213379,-17.015710830688477,66.05182647705078,-66.05158996582031,97.56088256835938,-97.56153869628906,76.86385345458984,-76.86212158203125,112.82685089111328,-112.82743072509766,-17.02631378173828,17.033180236816406,8.0280122756958,8.027832984924316
0.00017453667533118278,0.0,0.0,0.0,16.739715576171875,-16.740642547607422,66.88301086425781,-66.88282012939453,97.1219253540039,-97.12259674072266,77.9925765991211,-77.9908676147461,112.30513763427734,-112.30574798583984,-16.07539939880371,16.082242965698242,8.48724365234375,8.487083435058594
0.0001847819657996297,0.0,0.0,0.0,16.477746963500977,-16.478710174560547,67.7641830444336,-67.7640151977539,96.62647247314453,-96.62715911865234,79.12248229980469,-79.12080383300781,111.7190933227539,-111.71977233886719,-15.083273887634277,15.090142250061035,8.948110580444336,8.947979927062988
0.0002155178226530552,0.0,0.0,0.0,16.233108520507812,-16.234071731567383,68.6903076171875,-68.690185546875,96.07452392578125,-96.07521057128906,80.23792266845703,-80.23627471923828,111.069091796875,-111.06981658935547,-14.057674407958984,14.064542770385742,9.40526294708252,9.405158996582031
0.00021381027181632817,0.0,0.0,0.0,16.008956909179688,-16.009899139404297,69.65641784667969,-69.65633392333984,95.46707916259766,-95.4677734375,81.32479095458984,-81.32312774658203,110.35662078857422,-110.35738372802734,-13.005870819091797,13.012777328491211,9.854068756103516,9.853919982910156
0.0002684517821762711,0.0,0.0,0.0,15.807666778564453,-15.808618545532227,70.65752410888672,-70.65746307373047,94.80614471435547,-94.80686950683594,82.37018585205078,-82.3685531616211,109.58418273925781,-109.58500671386719,-11.934803009033203,11.94171142578125,10.290226936340332,10.290090560913086
0.0002889423631131649,0.0,0.0,0.0,15.6309175491333,-15.631914138793945,71.68858337402344,-71.68858337402344,94.09477233886719,-94.09548950195312,83.36271667480469,-83.36117553710938,108.7553482055664,-108.7562255859375,-10.850866317749023,10.85777473449707,10.71009635925293,10.710051536560059
0.0002919305698014796,0.0,0.0,0.0,15.479671478271484,-15.480652809143066,72.74462890625,-72.74465942382812,93.33680725097656,-93.3375473022461,84.29261016845703,-84.29106140136719,107.8747329711914,-107.87565612792969,-9.760187149047852,9.767123222351074,11.110518455505371,11.110440254211426
0.0003222395316697657,0.0,0.0,0.0,15.354316711425781,-15.355284690856934,73.82049560546875,-73.82057189941406,92.53721618652344,-92.53795623779297,85.15139770507812,-85.14990234375,106.94789123535156,-106.9488525390625,-8.668410301208496,8.675361633300781,11.48873233795166,11.48863697052002
0.0003211722942069173,0.0,0.0,0.0,15.254682540893555,-15.255610466003418,74.91105651855469,-74.91117858886719,91.70157623291016,-91.70233917236328,85.9323501586914,-85.93083953857422,105.98126220703125,-105.98225402832031,-7.580869674682617,7.587826251983643,11.84245491027832,11.842297554016113
0.00036364755942486227,0.0,0.0,0.0,15.180143356323242,-15.181087493896484,76.0110855102539,-76.01123046875,90.8363037109375,-90.83708190917969,86.63018035888672,-86.62873840332031,104.98204803466797,-104.98309326171875,-6.502516746520996,6.509495258331299,12.169666290283203,12.169539451599121
0.0003826440079137683,0.0,0.0,0.0,15.12976360321045,-15.130716323852539,77.11524963378906,-77.11540985107422,89.94834899902344,-89.94914245605469,87.24127960205078,-87.23986053466797,103.95807647705078,-103.95914459228516,-5.437959671020508,5.444931983947754,12.468953132629395,12.468850135803223
0.00039246241794899106,0.0,0.0,0.0,15.102256774902344,-15.103170394897461,78.21812438964844,-78.21829986572266,89.04517364501953,-89.04600524902344,87.76371002197266,-87.76228332519531,102.91779327392578,-102.91893005371094,-4.39155387878418,4.398566722869873,12.739323616027832,12.73916244506836
0.0004059093480464071,0.0,0.0,0.0,15.096044540405273,-15.096957206726074,79.31420135498047,-79.31442260742188,88.13455200195312,-88.1353759765625,88.19695281982422,-88.19559478759766,101.86995697021484,-101.87110137939453,-3.3674392700195312,3.374433994293213,12.979989051818848,12.979832649230957
0.0004308822099119425,0.0,0.0,0.0,15.109456062316895,-15.110339164733887,80.3978271484375,-80.3980712890625,87.22439575195312,-87.2252426147461,88.54227447509766,-88.54094696044922,100.82347869873047,-100.82464599609375,-2.3695058822631836,2.3765101432800293,13.190755844116211,13.19058895111084
0.00042405203566886485,0.0,0.0,0.0,15.14051628112793,-15.14136028289795,81.46332550048828,-81.46357727050781,86.32267761230469,-86.32355499267578,88.80237579345703,-88.80103302001953,99.78742218017578,-99.78863525390625,-1.401540994644165,1.4085662364959717,13.371906280517578,13.371627807617188
0.0004574559279717505,0.0,0.0,0.0,15.187122344970703,-15.187975883483887,82.50479888916016,-82.50506591796875,85.43730926513672,-85.43817138671875,88.98139953613281,-88.98014068603516,98.7706527709961,-98.77188110351562,-0.46718600392341614,0.47422879934310913,13.523965835571289,13.523719787597656
0.0004635390650946647,0.0,0.0,0.0,15.24715805053711,-15.24799633026123,83.5163803100586,-83.51665496826172,84.57589721679688,-84.57673645019531,89.08499145507812,-89.08378601074219,97.7818832397461,-97.78312683105469,0.42991718649864197,-0.4228561520576477,13.648118019104004,13.647870063781738
0.0004793338885065168,0.0,0.0,0.0,15.318304061889648,-15.319113731384277,84.49201965332031,-84.4923095703125,83.74571228027344,-83.74658203125,89.12007904052734,-89.1188735961914,96.82937622070312,-96.83064270019531,1.2861289978027344,-1.2790888547897339,13.745925903320312,13.745668411254883
0.0004741045122500509,0.0,0.0,0.0,15.398218154907227,-15.398977279663086,85.42559814453125,-85.42591857910156,82.95366668701172,-82.95455169677734,89.09463500976562,-89.09343719482422,95.92091369628906,-95.9222183227539,2.097813606262207,-2.0907785892486572,13.819314956665039,13.818957328796387
0.0004862707864958793,0.0,0.0,0.0,15.484370231628418,-15.485108375549316,86.31098175048828,-86.3113021850586,82.20610046386719,-82.20697784423828,89.0177230834961,-89.0165786743164,95.06377410888672,-95.06507873535156,2.8612098693847656,-2.854160785675049,13.870555877685547,13.870173454284668
0.0005060143303126097,0.0,0.0,0.0,15.574264526367188,-15.574971199035645,87.14195251464844,-87.14226531982422,81.50889587402344,-81.50978088378906,88.89922332763672,-88.8980941772461,94.26467895507812,-94.26598358154297,3.5724477767944336,-3.56540584564209,13.902361869812012,13.901992797851562
0.000519994820933789,0.0,0.0,0.0,15.665276527404785,-15.665993690490723,87.91216278076172,-87.91249084472656,80.8674087524414,-80.8682861328125,88.7496566772461,-88.74858093261719,93.52961730957031,-93.53095245361328,4.227573871612549,-4.220524311065674,13.917661666870117,13.917311668395996
0.000520955363754183,0.0,0.0,0.0,15.754830360412598,-15.755508422851562,88.61537170410156,-88.61569213867188,80.28646850585938,-80.28734588623047,88.58003997802734,-88.5789794921875,92.86416625976562,-92.865478515625,4.822476863861084,-4.815441608428955,13.919748306274414,13.919370651245117
0.0005160461296327412,0.0,0.0,0.0,15.840182304382324,-15.840867042541504,89.2452163696289,-89.24552917480469,79.77052307128906,-79.77141571044922,88.40142059326172,-88.40037536621094,92.2733154296875,-92.274658203125,5.352912425994873,-5.3458685874938965,13.911850929260254,13.911453247070312
0.0005223427433520555,0.0,0.0,0.0,15.918753623962402,-15.919429779052734,89.79533386230469,-89.795654296875,79.32361602783203,-79.32447814941406,88.22486114501953,-88.22386932373047,91.76167297363281,-91.76300048828125,5.814455986022949,-5.807411193847656,13.897353172302246,13.896970748901367
0.0004804344498552382,0.0,0.0,0.0,16.014537811279297,-16.01512908935547,90.0,-90.0,78.79707336425781,-78.7978515625,88.05398559570312,-88.05314636230469,91.46929931640625,-91.47080993652344,6.351572036743164,-6.344712734222412,13.873489379882812,13.87312126159668
0.0004508125130087137,0.0,0.0,0.0,16.150606155395508,-16.151147842407227,90.0,-90.0,78.04136657714844,-78.04209899902344,87.91537475585938,-87.91461181640625,91.53271484375,-91.53431701660156,7.105486869812012,-7.098740100860596,13.846936225891113,13.846529006958008
0.00044023370719514787,0.0,0.0,0.0,16.25552749633789,-16.256025314331055,90.0,-90.0,77.48917388916016,-77.4898910522461,87.80821228027344,-87.80744934082031,91.57972717285156,-91.58134460449219,7.656304836273193,-7.649560928344727,13.826844215393066,13.826367378234863
0.000450552353868261,0.0,0.0,0.0,16.318931579589844,-16.31947135925293,90.0,-90.0,77.16768646240234,-77.16840362548828,87.73995208740234,-87.73921966552734,91.59343719482422,-91.59503173828125,7.9774980545043945,-7.970755100250244,13.81467342376709,13.814262390136719
0.00045089921331964433,0.0,0.0,0.0,16.342824935913086,-16.343345642089844,90.0,-90.0,77.04805755615234,-77.04877471923828,87.71623229980469,-87.71549987792969,91.60710906982422,-91.60870361328125,8.096665382385254,-8.089922904968262,13.810187339782715,13.80974292755127
0.00044812445412389934,0.0,0.0,0.0,16.355531692504883,-16.356061935424805,90.0,-90.0,76.985595703125,-76.98628997802734,87.70072937011719,-87.69999694824219,91.60205841064453,-91.60365295410156,8.159384727478027,-8.152629852294922,13.807683944702148,13.807316780090332
0.00044406900997273624,0.0,0.0,0.0,16.400007247924805,-16.400535583496094,90.0,-90.0,76.76715087890625,-76.76786804199219,87.6553726196289,-87.65463256835938,91.62287139892578,-91.62445831298828,8.377158164978027,-8.370428085327148,13.799348831176758,13.798921585083008
0.00044812445412389934,0.0,0.0,0.0,16.470434188842773,-16.470949172973633,90.0,-90.0,76.42839050292969,-76.42909240722656,87.58244323730469,-87.58172607421875,91.651123046875,-91.6527328491211,8.715065002441406,-8.70832347869873,13.786087036132812,13.785667419433594
0.00045148617937229574,0.0,0.0,0.0,16.56867218017578,-16.569135665893555,90.0,-90.0,75.9684829711914,-75.96922302246094,87.48331451416016,-87.48257446289062,91.70092010498047,-91.70256042480469,9.17330265045166,-9.166566848754883,13.767812728881836,13.767313003540039
0.00045156621490605175,0.0,0.0,0.0,16.693788528442383,-16.69429588317871,90.0,-90.0,75.40229034423828,-75.40298461914062,87.35923767089844,-87.35855102539062,91.77276611328125,-91.77436828613281,9.736919403076172,-9.730186462402344,13.744577407836914,13.74415111541748
0.0004574625927489251,0.0,0.0,0.0,16.836143493652344,-16.83662986755371,90.0,-90.0,74.78469848632812,-74.78538513183594,87.21184539794922,-87.21116638183594,91.83145904541016,-91.83306121826172,10.352470397949219,-10.345732688903809,13.718103408813477,13.717669486999512
0.00046417940757237375,0.0,0.0,0.0,17.007863998413086,-17.008344650268555,90.0,-90.0,74.06806945800781,-74.06879425048828,87.04246520996094,-87.04180145263672,91.93287658691406,-91.93450164794922,11.064970970153809,-11.05821704864502,13.686431884765625,13.68592357635498
0.0004607909941114485,0.0,0.0,0.0,17.194162368774414,-17.194602966308594,90.0,-90.0,73.32568359375,-73.32637786865234,86.85352325439453,-86.85285949707031,92.02543640136719,-92.02706146240234,11.803569793701172,-11.796810150146484,13.651833534240723,13.651334762573242
0.00045847645378671587,0.0,0.0,0.0,17.397172927856445,-17.397592544555664,90.0,-90.0,72.55109405517578,-72.55179595947266,86.64752960205078,-86.64688873291016,92.12796783447266,-92.12960815429688,12.573718070983887,-12.5669584274292,13.61387825012207,13.613349914550781
0.00046867504715919495,0.0,0.0,0.0,17.624408721923828,-17.624845504760742,90.0,-90.0,71.71810913085938,-71.71879577636719,86.42768859863281,-86.42707061767578,92.27680969238281,-92.27842712402344,13.399401664733887,-13.392658233642578,13.571250915527344,13.57071304321289
0.00046423941967077553,0.0,0.0,0.0,17.85620880126953,-17.856616973876953,90.0,-90.0,70.90524291992188,-70.90591430664062,86.19847869873047,-86.19786834716797,92.41424560546875,-92.41590118408203,14.205194473266602,-14.198427200317383,13.527135848999023,13.526557922363281
0.0004656334640458226,0.0,0.0,0.0,18.09323501586914,-18.0936336517334,90.0,-90.0,70.10614013671875,-70.10680389404297,85.96453094482422,-85.96392822265625,92.5580062866211,-92.5596694946289,14.99646282196045,-14.989700317382812,13.481279373168945,13.480694770812988
0.0004658802645280957,0.0,0.0,0.0,18.331178665161133,-18.33156394958496,90.0,-90.0,69.33244323730469,-69.33312225341797,85.73150634765625,-85.73090362548828,92.70903778076172,-92.71067810058594,15.761414527893066,-15.754661560058594,13.434479713439941,13.433865547180176
0.0004792938707396388,0.0,0.0,0.0,18.564090728759766,-18.564451217651367,90.0,-90.0,68.59969329833984,-68.6003646850586,85.50569915771484,-85.505126953125,92.8642807006836,-92.86593627929688,16.484609603881836,-16.477853775024414,13.387901306152344,13.387252807617188
0.0004824087955057621,0.0,0.0,0.0,18.77515983581543,-18.775501251220703,90.0,-90.0,67.95687866210938,-67.9575424194336,85.29414367675781,-85.29357147216797,92.98982238769531,-92.99147033691406,17.11960220336914,-17.11284065246582,13.344639778137207,13.344018936157227
0.0004790804232470691,0.0,0.0,0.0,18.974498748779297,-18.97483253479004,90.0,-90.0,67.36250305175781,-67.3631820678711,85.1039810180664,-85.10342407226562,93.13310241699219,-93.13478088378906,17.70427703857422,-17.697511672973633,13.303372383117676,13.30269718170166
0.000482202012790367,0.0,0.0,0.0,19.148855209350586,-19.149171829223633,90.0,-90.0,66.85252380371094,-66.85318756103516,84.94290924072266,-84.94236755371094,93.271240234375,-93.27290344238281,18.204397201538086,-18.197633743286133,13.266794204711914,13.266080856323242
0.00048281566705554724,0.0,0.0,0.0,19.2701358795166,-19.27043914794922,90.0,-90.0,66.50692749023438,-66.50758361816406,84.81900787353516,-84.81846618652344,93.34097290039062,-93.34261322021484,18.5452880859375,-18.538515090942383,13.24064826965332,13.239964485168457
0.00048476335359737277,0.0,0.0,0.0,19.354270935058594,-19.354604721069336,90.0,-90.0,66.26800537109375,-66.26866149902344,84.73941802978516,-84.73889923095703,93.40418243408203,-93.40581512451172,18.779573440551758,-18.77280044555664,13.222509384155273,13.221822738647461
0.00047069607535377145,0.0,0.0,0.0,19.386520385742188,-19.386804580688477,90.0,-90.0,66.17637634277344,-66.17704772949219,84.71141052246094,-84.71085357666016,93.43383026123047,-93.43547058105469,18.868879318237305,-18.86211395263672,13.215609550476074,13.21485424041748
0.00047069607535377145,0.0,0.0,0.0,19.386520385742188,-19.386804580688477,90.0,-90.0,66.17637634277344,-66.17704772949219,84.71141052246094,-84.71085357666016,93.43383026123047,-93.43547058105469,18.868879318237305,-18.86211395263672,13.215609550476074,13.21485424041748
0.0004936812911182642,0.0,0.0,0.0,19.426467895507812,-19.42679214477539,90.0,-90.0,66.14143371582031,-66.14210510253906,84.83087921142578,-84.83036804199219,93.43244171142578,-93.4341049194336,18.908220291137695,-18.901439666748047,13.365239143371582,13.364561080932617
0.00048088800394907594,0.0,0.0,0.0,19.471240997314453,-19.47153091430664,90.0,-90.0,66.11192321777344,-66.11259460449219,84.97538757324219,-84.97486877441406,93.41876220703125,-93.42045593261719,18.944259643554688,-18.93749237060547,13.547663688659668,13.546953201293945
0.00047932719462551177,0.0,0.0,0.0,19.52830696105957,-19.528614044189453,90.0,-90.0,66.08592987060547,-66.08659362792969,85.17155456542969,-85.17105102539062,93.38729858398438,-93.38899993896484,18.980226516723633,-18.973445892333984,13.796989440917969,13.796305656433105
0.00047258372069336474,0.0,0.0,0.0,19.597623825073242,-19.59792709350586,90.0,-90.0,66.06356811523438,-66.06426239013672,85.41546630859375,-85.41496276855469,93.33883666992188,-93.34058380126953,19.0157527923584,-19.008989334106445,14.109288215637207,14.108576774597168
0.00045952366781421006,0.0,0.0,0.0,19.67917823791504,-19.67947006225586,89.99725341796875,-89.99725341796875,66.044921875,-66.0456314086914,85.70311737060547,-85.70259857177734,93.27437591552734,-93.27613830566406,19.05042839050293,-19.043672561645508,14.480498313903809,14.47974681854248
0.0004681014106608927,0.0,0.0,0.0,19.7731990814209,-19.773488998413086,89.97420501708984,-89.97422790527344,66.02941131591797,-66.03013610839844,86.0303726196289,-86.02987670898438,93.19544982910156,-93.19725799560547,19.08446502685547,-19.07770538330078,14.906373977661133,14.90563678741455
0.0004750716907437891,0.0,0.0,0.0,19.88128089904785,-19.881542205810547,89.9493408203125,-89.9493637084961,66.01263427734375,-66.01335144042969,86.39318084716797,-86.39269256591797,93.10721588134766,-93.10905456542969,19.121578216552734,-19.11481475830078,15.382631301879883,15.38188648223877
0.00046289872261695564,0.0,0.0,0.0,20.003398895263672,-20.0036678314209,89.9232177734375,-89.92325592041016,65.99484252929688,-65.99560546875,86.78734588623047,-86.78685760498047,93.01034545898438,-93.01223754882812,19.161226272583008,-19.15449333190918,15.905220985412598,15.904443740844727
0.00046867504715919495,0.0,0.0,0.0,20.13958168029785,-20.13983154296875,89.89639282226562,-89.89642333984375,65.9764175415039,-65.9771728515625,87.20863342285156,-87.20816040039062,92.90560150146484,-92.90755462646484,19.20285415649414,-19.19609260559082,16.469911575317383,16.4691162109375
0.00047501164954155684,0.0,0.0,0.0,20.289770126342773,-20.290021896362305,89.86933135986328,-89.86940002441406,65.9576644897461,-65.95842742919922,87.65318298339844,-87.65274810791016,92.79375457763672,-92.7957534790039,19.245834350585938,-19.239089965820312,17.072772979736328,17.071992874145508
0.0004447160172276199,0.0,0.0,0.0,20.45386505126953,-20.454078674316406,89.84254455566406,-89.84261322021484,65.93883514404297,-65.93964385986328,88.11695098876953,-88.11649322509766,92.67550659179688,-92.67759704589844,19.289628982543945,-19.282880783081055,17.70976448059082,17.708881378173828
0.0004546544805634767,0.0,0.0,0.0,20.63163185119629,-20.63181495666504,89.8165283203125,-89.81657409667969,65.92024993896484,-65.9211196899414,88.59609985351562,-88.59562683105469,92.55170440673828,-92.55387878417969,19.33365821838379,-19.326913833618164,18.376750946044922,18.37580680847168
0.00044819782488048077,0.0,0.0,0.0,20.82274627685547,-20.82293701171875,89.7916259765625,-89.79170989990234,65.90223693847656,-65.90308380126953,89.08694458007812,-89.08650970458984,92.4231185913086,-92.42530822753906,19.3774356842041,-19.370708465576172,19.069766998291016,19.068870544433594
0.0004491583094932139,0.0,0.0,0.0,21.02682876586914,-21.0269832611084,89.7682876586914,-89.76836395263672,65.88494873046875,-65.8858413696289,89.5859375,-89.58551025390625,92.2904281616211,-92.29271697998047,19.420495986938477,-19.41377067565918,19.784902572631836,19.78392791748047
0.00044879812048748136,0.0,0.0,0.0,21.24325180053711,-21.243406295776367,89.74678802490234,-89.74688720703125,65.86872863769531,-65.86963653564453,90.08959197998047,-90.08919525146484,92.15454864501953,-92.15689849853516,19.46236801147461,-19.45565414428711,20.518007278442383,20.51702880859375
0.00043712544720619917,0.0,0.0,0.0,21.471389770507812,-21.471519470214844,89.72746276855469,-89.72756958007812,65.85367584228516,-65.8546142578125,90.59478759765625,-90.59439086914062,92.01615905761719,-92.01858520507812,19.50267791748047,-19.495988845825195,21.26524543762207,21.264232635498047
0.00042518595000728965,0.0,0.0,0.0,21.71038818359375,-21.71049690246582,89.71055603027344,-89.71066284179688,65.84001159667969,-65.84098052978516,91.09844970703125,-91.09805297851562,91.87606048583984,-91.8785629272461,19.541120529174805,-19.534440994262695,22.02272605895996,22.021690368652344
0.00042483911965973675,0.0,0.0,0.0,21.959245681762695,-21.959354400634766,89.69619750976562,-89.69631958007812,65.827880859375,-65.8288803100586,91.59766387939453,-91.59729766845703,91.73506927490234,-91.73762512207031,19.577335357666016,-19.57069206237793,22.786401748657227,22.785337448120117
0.0004267067415639758,0.0,0.0,0.0,22.216846466064453,-22.21693992614746,89.68456268310547,-89.68468475341797,65.81739807128906,-65.81840515136719,92.08979797363281,-92.08944702148438,91.59393310546875,-91.59656524658203,19.611141204833984,-19.604490280151367,23.552419662475586,23.551374435424805
0.0004048687987960875,0.0,0.0,0.0,22.481924057006836,-22.481990814208984,89.67569732666016,-89.67581176757812,65.80860900878906,-65.8096694946289,92.5723876953125,-92.57203674316406,91.45337677001953,-91.45608520507812,19.642324447631836,-19.635705947875977,24.31706428527832,24.3159236907959
0.00040217407513409853,0.0,0.0,0.0,22.753026962280273,-22.753087997436523,89.66962432861328,-89.66975402832031,65.80158233642578,-65.80266571044922,93.0430679321289,-93.04273986816406,91.31422424316406,-91.3169937133789,19.670751571655273,-19.664155960083008,25.076311111450195,25.075185775756836
0.0003868728526867926,0.0,0.0,0.0,23.02864646911621,-23.02867317199707,89.66629791259766,-89.66643524169922,65.79635620117188,-65.79743957519531,93.49972534179688,-93.4994125366211,91.17716979980469,-91.17999267578125,19.696348190307617,-19.689775466918945,25.82643699645996,25.825265884399414
0.00037537358002737164,0.0,0.0,0.0,23.306968688964844,-23.306995391845703,89.66564178466797,-89.66577911376953,65.7928466796875,-65.79396057128906,93.94044494628906,-93.94012451171875,91.04291534423828,-91.04580688476562,19.719104766845703,-19.71256446838379,26.56359100341797,26.562442779541016
0.00036886357702314854,0.0,0.0,0.0,23.586214065551758,-23.58620262145996,89.66748046875,-89.6676025390625,65.791015625,-65.79218292236328,94.36344909667969,-94.3631591796875,90.91217803955078,-90.9151840209961,19.73904037475586,-19.73247528076172,27.28412437438965,27.282888412475586
0.00035867164842784405,0.0,0.0,0.0,23.864377975463867,-23.864360809326172,89.67161560058594,-89.67176818847656,65.7907943725586,-65.7919692993164,94.76715850830078,-94.76689910888672,90.7856674194336,-90.78872680664062,19.756179809570312,-19.749658584594727,27.984254837036133,27.98300552368164
0.00036970400833524764,0.0,0.0,0.0,24.139385223388672,-24.13937759399414,89.6778335571289,-89.67797088623047,65.79202270507812,-65.79322814941406,95.15011596679688,-95.14986419677734,90.66403198242188,-90.6671142578125,19.770648956298828,-19.76417350769043,28.66022491455078,28.65898895263672
0.00035228169872425497,0.0,0.0,0.0,24.409027099609375,-24.408985137939453,89.68579864501953,-89.68595123291016,65.79459381103516,-65.7957992553711,95.510986328125,-95.51074981689453,90.54788970947266,-90.55105590820312,19.78263282775879,-19.776153564453125,29.30843162536621,29.30716323852539
0.00034433091059327126,0.0,0.0,0.0,24.671010971069336,-24.670957565307617,89.69525909423828,-89.6954116821289,65.79825592041016,-65.79951477050781,95.84858703613281,-95.84835815429688,90.4378662109375,-90.44109344482422,19.792278289794922,-19.785839080810547,29.92527961730957,29.92397117614746
0.0003354196669533849,0.0,0.0,0.0,24.9229793548584,-24.922948837280273,89.70586395263672,-89.70600891113281,65.80289459228516,-65.80412292480469,96.16188049316406,-96.16168212890625,90.3345718383789,-90.33780670166016,19.799848556518555,-19.793418884277344,30.507061004638672,30.505800247192383
0.00033096401602961123,0.0,0.0,0.0,25.16254425048828,-25.16242790222168,89.71720123291016,-89.71733856201172,65.80819702148438,-65.8094711303711,96.44985961914062,-96.44964599609375,90.23853302001953,-90.24185180664062,19.80551528930664,-19.799110412597656,31.050317764282227,31.048965454101562
0.00031899785972200334,0.0,0.0,0.0,25.387149810791016,-25.38700294494629,89.72888946533203,-89.72904205322266,65.81397247314453,-65.81527709960938,96.71159362792969,-96.71138763427734,90.15034484863281,-90.15373229980469,19.8095760345459,-19.80320167541504,31.551389694213867,31.550006866455078
0.00034022211912088096,0.0,0.0,0.0,25.594348907470703,-25.594255447387695,89.74056243896484,-89.74070739746094,65.8199691772461,-65.82127380371094,96.94623565673828,-96.9460678100586,90.0705337524414,-90.07391357421875,19.812286376953125,-19.805936813354492,32.006736755371094,32.005428314208984
0.0003206253459211439,0.0,0.0,0.0,25.781633377075195,-25.781505584716797,89.7518310546875,-89.7519760131836,65.82591247558594,-65.82723236083984,97.15291595458984,-97.15276336669922,89.99961853027344,-90.0030517578125,19.813936233520508,-19.807601928710938,32.4129524230957,32.41157531738281
0.00032398043549619615,0.0,0.0,0.0,25.946500778198242,-25.946352005004883,89.76225280761719,-89.76240539550781,65.83155059814453,-65.83287048339844,97.33074188232422,-97.33059692382812,89.9381103515625,-89.94158935546875,19.81475830078125,-19.80842399597168,32.76641082763672,32.76504898071289
0.0003000547585543245,0.0,0.0,0.0,26.086530685424805,-26.086368560791016,89.77151489257812,-89.77165985107422,65.83660888671875,-65.83795928955078,97.47882080078125,-97.4786605834961,89.88655090332031,-89.89006805419922,19.81500816345215,-19.808700561523438,33.06365966796875,33.06224822998047
0.00030918611446395516,0.0,0.0,0.0,26.19927215576172,-26.199125289916992,89.77919006347656,-89.77932739257812,65.84089660644531,-65.8422622680664,97.59616088867188,-97.59600830078125,89.84549713134766,-89.84901428222656,19.814897537231445,-19.808612823486328,33.30109405517578,33.29966735839844
0.00030918611446395516,0.0,0.0,0.0,26.19927215576172,-26.199125289916992,89.77919006347656,-89.77932739257812,65.84089660644531,-65.8422622680664,97.59616088867188,-97.59600830078125,89.84549713134766,-89.84901428222656,19.814897537231445,-19.808612823486328,33.30109405517578,33.29966735839844
0.0003031363303307444,0.0,0.0,0.0,26.333404541015625,-26.333251953125,89.78854370117188,-89.78868865966797,65.84615325927734,-65.84751892089844,97.73428344726562,-97.73413848876953,89.79695892333984,-89.8005142211914,19.814544677734375,-19.808265686035156,33.58204650878906,33.580631256103516
0.0003031363303307444,0.0,0.0,0.0,26.333404541015625,-26.333251953125,89.78854370117188,-89.78868865966797,65.84615325927734,-65.84751892089844,97.73428344726562,-97.73413848876953,89.79695892333984,-89.8005142211914,19.814544677734375,-19.808265686035156,33.58204650878906,33.580631256103516
0.0003031363303307444,0.0,0.0,0.0,26.333404541015625,-26.333251953125,89.78854370117188,-89.78868865966797,65.84615325927734,-65.84751892089844,97.73428344726562,-97.73413848876953,89.79695892333984,-89.8005142211914,19.814544677734375,-19.808265686035156,33.58204650878906,33.580631256103516
0.0003031363303307444,0.0,0.0,0.0,26.333404541015625,-26.333251953125,89.78854370117188,-89.78868865966797,65.84615325927734,-65.84751892089844,97.73428344726562,-97.73413848876953,89.79695892333984,-89.8005142211914,19.814544677734375,-19.808265686035156,33.58204650878906,33.580631256103516
0.0003031363303307444,0.0,0.0,0.0,26.333404541015625,-26.333251953125,89.78854370117188,-89.78868865966797,65.84615325927734,-65.84751892089844,97.73428344726562,-97.73413848876953,89.79695892333984,-89.8005142211914,19.814544677734375,-19.808265686035156,33.58204650878906,33.580631256103516
0.0003031363303307444,0.0,0.0,0.0,26.333404541015625,-26.333251953125,89.78854370117188,-89.78868865966797,65.84615325927734,-65.84751892089844,97.73428344726562,-97.73413848876953,89.79695892333984,-89.8005142211914,19.814544677734375,-19.808265686035156,33.58204650878906,33.580631256103516
0.0003031363303307444,0.0,0.0,0.0,26.333404541015625,-26.333251953125,89.78854370117188,-89.78868865966797,65.84615325927734,-65.84751892089844,97.73428344726562,-97.73413848876953,89.79695892333984,-89.8005142211914,19.814544677734375,-19.808265686035156,33.58204650878906,33.580631256103516
0.0003031363303307444,0.0,0.0,0.0,26.333404541015625,-26.333251953125,89.78854370117188,-89.78868865966797,65.84615325927734,-65.84751892089844,97.73428344726562,-97.73413848876953,89.79695892333984,-89.8005142211914,19.814544677734375,-19.808265686035156,33.58204650878906,33.580631256103516
0.0003031363303307444,0.0,0.0,0.0,26.333404541015625,-26.333251953125,89.78854370117188,-89.78868865966797,65.84615325927734,-65.84751892089844,97.73428344726562,-97.73413848876953,89.79695892333984,-89.8005142211914,19.814544677734375,-19.808265686035156,33.58204650878906,33.580631256103516
0.0003031363303307444,0.0,0.0,0.0,26.333404541015625,-26.333251953125,89.78854370117188,-89.78868865966797,65.84615325927734,-65.84751892089844,97.73428344726562,-97.73413848876953,89.79695892333984,-89.8005142211914,19.814544677734375,-19.808265686035156,33.58204650878906,33.580631256103516
0.0003031363303307444,0.0,0.0,0.0,26.333404541015625,-26.333251953125,89.78854370117188,-89.78868865966797,65.84615325927734,-65.84751892089844,97.73428344726562,-97.73413848876953,89.79695892333984,-89.8005142211914,19.814544677734375,-19.808265686035156,33.58204650878906,33.580631256103516
0.0003031363303307444,0.0,0.0,0.0,26.333404541015625,-26.333251953125,89.78854370117188,-89.78868865966797,65.84615325927734,-65.84751892089844,97.73428344726562,-97.73413848876953,89.79695892333984,-89.8005142211914,19.814544677734375,-19.808265686035156,33.58204650878906,33.580631256103516
0.0003031363303307444,0.0,0.0,0.0,26.333404541015625,-26.333251953125,89.78854370117188,-89.78868865966797,65.84615325927734,-65.84751892089844,97.73428344726562,-97.73413848876953,89.79695892333984,-89.8005142211914,19.814544677734375,-19.808265686035156,33.58204650878906,33.580631256103516
0.0003031363303307444,0.0,0.0,0.0,26.333404541015625,-26.333251953125,89.78854370117188,-89.78868865966797,65.84615325927734,-65.84751892089844,97.73428344726562,-97.73413848876953,89.79695892333984,-89.8005142211914,19.814544677734375,-19.808265686035156,33.58204650878906,33.580631256103516
0.0003031363303307444,0.0,0.0,0.0,26.333404541015625,-26.333251953125,89.78854370117188,-89.78868865966797,65.84615325927734,-65.84751892089844,97.73428344726562,-97.73413848876953,89.79695892333984,-89.8005142211914,19.814544677734375,-19.808265686035156,33.58204650878906,33.580631256103516
0.0003031363303307444,0.0,0.0,0.0,26.333404541015625,-26.333251953125,89.78854370117188,-89.78868865966797,65.84615325927734,-65.84751892089844,97.73428344726562,-97.73413848876953,89.79695892333984,-89.8005142211914,19.814544677734375,-19.808265686035156,33.58204650878906,33.580631256103516
0.0003031363303307444,0.0,0.0,0.0,26.333404541015625,-26.333251953125,89.78854370117188,-89.78868865966797,65.84615325927734,-65.84751892089844,97.73428344726562,-97.73413848876953,89.79695892333984,-89.8005142211914,19.814544677734375,-19.808265686035156,33.58204650878906,33.580631256103516
0.0003031363303307444,0.0,0.0,0.0,26.333404541015625,-26.333251953125,89.78854370117188,-89.78868865966797,65.84615325927734,-65.84751892089844,97.73428344726562,-97.73413848876953,89.79695892333984,-89.8005142211914,19.814544677734375,-19.808265686035156,33.58204650878906,33.580631256103516
0.0003031363303307444,0.0,0.0,0.0,26.333404541015625,-26.333251953125,89.78854370117188,-89.78868865966797,65.84615325927734,-65.84751892089844,97.73428344726562,-97.73413848876953,89.79695892333984,-89.8005142211914,19.814544677734375,-19.808265686035156,33.58204650878906,33.580631256103516
0.0003031363303307444,0.0,0.0,0.0,26.333404541015625,-26.333251953125,89.78854370117188,-89.78868865966797,65.84615325927734,-65.84751892089844,97.73428344726562,-97.73413848876953,89.79695892333984,-89.8005142211914,19.814544677734375,-19.808265686035156,33.58204650878906,33.580631256103516
0.0003031363303307444,0.0,0.0,0.0,26.333404541015625,-26.333251953125,89.78854370117188,-89.78868865966797,65.84615325927734,-65.84751892089844,97.73428344726562,-97.73413848876953,89.79695892333984,-89.8005142211914,19.814544677734375,-19.808265686035156,33.58204650878906,33.580631256103516
0.0003031363303307444,0.0,0.0,0.0,26.333404541015625,-26.333251953125,89.78854370117188,-89.78868865966797,65.84615325927734,-65.84751892089844,97.73428344726562,-97.73413848876953,89.79695892333984,-89.8005142211914,19.814544677734375,-19.808265686035156,33.58204650878906,33.580631256103516
0.0003031363303307444,0.0,0.0,0.0,26.333404541015625,-26.333251953125,89.78854370117188,-89.78868865966797,65.84615325927734,-65.84751892089844,97.73428344726562,-97.73413848876953,89.79695892333984,-89.8005142211914,19.814544677734375,-19.808265686035156,33.58204650878906,33.580631256103516
0.0003031363303307444,0.0,0.0,0.0,26.333404541015625,-26.333251953125,89.78854370117188,-89.78868865966797,65.84615325927734,-65.84751892089844,97.73428344726562,-97.73413848876953,89.79695892333984,-89.8005142211914,19.814544677734375,-19.808265686035156,33.58204650878906,33.580631256103516
0.0003031363303307444,0.0,0.0,0.0,26.333404541015625,-26.333251953125,89.78854370117188,-89.78868865966797,65.84615325927734,-65.84751892089844,97.73428344726562,-97.73413848876953,89.79695892333984,-89.8005142211914,19.814544677734375,-19.808265686035156,33.58204650878906,33.580631256103516
0.0003031363303307444,0.0,0.0,0.0,26.333404541015625,-26.333251953125,89.78854370117188,-89.78868865966797,65.84615325927734,-65.84751892089844,97.73428344726562,-97.73413848876953,89.79695892333984,-89.8005142211914,19.814544677734375,-19.808265686035156,33.58204650878906,33.580631256103516
0.0003031363303307444,0.0,0.0,0.0,26.333404541015625,-26.333251953125,89.78854370117188,-89.78868865966797,65.84615325927734,-65.84751892089844,97.73428344726562,-97.73413848876953,89.79695892333984,-89.8005142211914,19.814544677734375,-19.808265686035156,33.58204650878906,33.580631256103516
0.0003031363303307444,0.0,0.0,0.0,26.333404541015625,-26.333251953125,89.78854370117188,-89.78868865966797,65.84615325927734,-65.84751892089844,97.73428344726562,-97.73413848876953,89.79695892333984,-89.8005142211914,19.814544677734375,-19.808265686035156,33.58204650878906,33.580631256103516
0.0003031363303307444,0.0,0.0,0.0,26.333404541015625,-26.333251953125,89.78854370117188,-89.78868865966797,65.84615325927734,-65.84751892089844,97.73428344726562,-97.73413848876953,89.79695892333984,-89.8005142211914,19.814544677734375,-19.808265686035156,33.58204650878906,33.580631256103516
0.0003031363303307444,0.0,0.0,0.0,26.333404541015625,-26.333251953125,89.78854370117188,-89.78868865966797,65.84615325927734,-65.84751892089844,97.73428344726562,-97.73413848876953,89.79695892333984,-89.8005142211914,19.814544677734375,-19.808265686035156,33.58204650878906,33.580631256103516
0.0003031363303307444,0.0,0.0,0.0,26.333404541015625,-26.333251953125,89.78854370117188,-89.78868865966797,65.84615325927734,-65.84751892089844,97.73428344726562,-97.73413848876953,89.79695892333984,-89.8005142211914,19.814544677734375,-19.808265686035156,33.58204650878906,33.580631256103516
0.0003031363303307444,0.0,0.0,0.0,26.333404541015625,-26.333251953125,89.78854370117188,-89.78868865966797,65.84615325927734,-65.84751892089844,97.73428344726562,-97.73413848876953,89.79695892333984,-89.8005142211914,19.814544677734375,-19.808265686035156,33.58204650878906,33.580631256103516
0.0003031363303307444,0.0,0.0,0.0,26.333404541015625,-26.333251953125,89.78854370117188,-89.78868865966797,65.84615325927734,-65.84751892089844,97.73428344726562,-97.73413848876953,89.79695892333984,-89.8005142211914,19.814544677734375,-19.808265686035156,33.58204650878906,33.580631256103516
0.0003031363303307444,0.0,0.0,0.0,26.333404541015625,-26.333251953125,89.78854370117188,-89.78868865966797,65.84615325927734,-65.84751892089844,97.73428344726562,-97.73413848876953,89.79695892333984,-89.8005142211914,19.814544677734375,-19.808265686035156,33.58204650878906,33.580631256103516
0.0003031363303307444,0.0,0.0,0.0,26.333404541015625,-26.333251953125,89.78854370117188,-89.78868865966797,65.84615325927734,-65.84751892089844,97.73428344726562,-97.73413848876953,89.79695892333984,-89.8005142211914,19.814544677734375,-19.808265686035156,33.58204650878906,33.580631256103516
0.0003031363303307444,0.0,0.0,0.0,26.333404541015625,-26.333251953125,89.78854370117188,-89.78868865966797,65.84615325927734,-65.84751892089844,97.73428344726562,-97.73413848876953,89.79695892333984,-89.8005142211914,19.814544677734375,-19.808265686035156,33.58204650878906,33.580631256103516
0.0003031363303307444,0.0,0.0,0.0,26.333404541015625,-26.333251953125,89.78854370117188,-89.78868865966797,65.84615325927734,-65.84751892089844,97.73428344726562,-97.73413848876953,89.79695892333984,-89.8005142211914,19.814544677734375,-19.808265686035156,33.58204650878906,33.580631256103516
0.0003031363303307444,0.0,0.0,0.0,26.333404541015625,-26.333251953125,89.78854370117188,-89.78868865966797,65.84615325927734,-65.84751892089844,97.73428344726562,-97.73413848876953,89.79695892333984,-89.8005142211914,19.814544677734375,-19.808265686035156,33.58204650878906,33.580631256103516
0.0003031363303307444,0.0,0.0,0.0,26.333404541015625,-26.333251953125,89.78854370117188,-89.78868865966797,65.84615325927734,-65.84751892089844,97.73428344726562,-97.73413848876953,89.79695892333984,-89.8005142211914,19.814544677734375,-19.808265686035156,33.58204650878906,33.580631256103516
0.0003031363303307444,0.0,0.0,0.0,26.333404541015625,-26.333251953125,89.78854370117188,-89.78868865966797,65.84615325927734,-65.84751892089844,97.73428344726562,-97.73413848876953,89.79695892333984,-89.8005142211914,19.814544677734375,-19.808265686035156,33.58204650878906,33.580631256103516
0.0003031363303307444,0.0,0.0,0.0,26.333404541015625,-26.333251953125,89.78854370117188,-89.78868865966797,65.84615325927734,-65.84751892089844,97.73428344726562,-97.73413848876953,89.79695892333984,-89.8005142211914,19.814544677734375,-19.808265686035156,33.58204650878906,33.580631256103516
0.0003031363303307444,0.0,0.0,0.0,26.333404541015625,-26.333251953125,89.78854370117188,-89.78868865966797,65.84615325927734,-65.84751892089844,97.73428344726562,-97.73413848876953,89.79695892333984,-89.8005142211914,19.814544677734375,-19.808265686035156,33.58204650878906,33.580631256103516
0.0003031363303307444,0.0,0.0,0.0,26.333404541015625,-26.333251953125,89.78854370117188,-89.78868865966797,65.84615325927734,-65.84751892089844,97.73428344726562,-97.73413848876953,89.79695892333984,-89.8005142211914,19.814544677734375,-19.808265686035156,33.58204650878906,33.580631256103516
0.0003031363303307444,0.0,0.0,0.0,26.333404541015625,-26.333251953125,89.78854370117188,-89.78868865966797,65.84615325927734,-65.84751892089844,97.73428344726562,-97.73413848876953,89.79695892333984,-89.8005142211914,19.814544677734375,-19.808265686035156,33.58204650878906,33.580631256103516
0.0003031363303307444,0.0,0.0,0.0,26.333404541015625,-26.333251953125,89.78854370117188,-89.78868865966797,65.84615325927734,-65.84751892089844,97.73428344726562,-97.73413848876953,89.79695892333984,-89.8005142211914,19.814544677734375,-19.808265686035156,33.58204650878906,33.580631256103516
0.0003031363303307444,0.0,0.0,0.0,26.333404541015625,-26.333251953125,89.78854370117188,-89.78868865966797,65.84615325927734,-65.84751892089844,97.73428344726562,-97.73413848876953,89.79695892333984,-89.8005142211914,19.814544677734375,-19.808265686035156,33.58204650878906,33.580631256103516
0.0003031363303307444,0.0,0.0,0.0,26.333404541015625,-26.333251953125,89.78854370117188,-89.78868865966797,65.84615325927734,-65.84751892089844,97.73428344726562,-97.73413848876953,89.79695892333984,-89.8005142211914,19.814544677734375,-19.808265686035156,33.58204650878906,33.580631256103516
0.0003031363303307444,0.0,0.0,0.0,26.333404541015625,-26.333251953125,89.78854370117188,-89.78868865966797,65.84615325927734,-65.84751892089844,97.73428344726562,-97.73413848876953,89.79695892333984,-89.8005142211914,19.814544677734375,-19.808265686035156,33.58204650878906,33.580631256103516
0.0003031363303307444,0.0,0.0,0.0,26.333404541015625,-26.333251953125,89.78854370117188,-89.78868865966797,65.84615325927734,-65.84751892089844,97.73428344726562,-97.73413848876953,89.79695892333984,-89.8005142211914,19.814544677734375,-19.808265686035156,33.58204650878906,33.580631256103516
0.0003031363303307444,0.0,0.0,0.0,26.333404541015625,-26.333251953125,89.78854370117188,-89.78868865966797,65.84615325927734,-65.84751892089844,97.73428344726562,-97.73413848876953,89.79695892333984,-89.8005142211914,19.814544677734375,-19.808265686035156,33.58204650878906,33.580631256103516
0.0003031363303307444,0.0,0.0,0.0,26.333404541015625,-26.333251953125,89.78854370117188,-89.78868865966797,65.84615325927734,-65.84751892089844,97.73428344726562,-97.73413848876953,89.79695892333984,-89.8005142211914,19.814544677734375,-19.808265686035156,33.58204650878906,33.580631256103516
0.0003031363303307444,0.0,0.0,0.0,26.333404541015625,-26.333251953125,89.78854370117188,-89.78868865966797,65.84615325927734,-65.84751892089844,97.73428344726562,-97.73413848876953,89.79695892333984,-89.8005142211914,19.814544677734375,-19.808265686035156,33.58204650878906,33.580631256103516
0.0003031363303307444,0.0,0.0,0.0,26.333404541015625,-26.333251953125,89.78854370117188,-89.78868865966797,65.84615325927734,-65.84751892089844,97.73428344726562,-97.73413848876953,89.79695892333984,-89.8005142211914,19.814544677734375,-19.808265686035156,33.58204650878906,33.580631256103516
0.0003031363303307444,0.0,0.0,0.0,26.333404541015625,-26.333251953125,89.78854370117188,-89.78868865966797,65.84615325927734,-65.84751892089844,97.73428344726562,-97.73413848876953,89.79695892333984,-89.8005142211914,19.814544677734375,-19.808265686035156,33.58204650878906,33.580631256103516
0.0003031363303307444,0.0,0.0,0.0,26.333404541015625,-26.333251953125,89.78854370117188,-89.78868865966797,65.84615325927734,-65.84751892089844,97.73428344726562,-97.73413848876953,89.79695892333984,-89.8005142211914,19.814544677734375,-19.808265686035156,33.58204650878906,33.580631256103516
0.0003031363303307444,0.0,0.0,0.0,26.333404541015625,-26.333251953125,89.78854370117188,-89.78868865966797,65.84615325927734,-65.84751892089844,97.73428344726562,-97.73413848876953,89.79695892333984,-89.8005142211914,19.814544677734375,-19.808265686035156,33.58204650878906,33.580631256103516
0.0003031363303307444,0.0,0.0,0.0,26.333404541015625,-26.333251953125,89.78854370117188,-89.78868865966797,65.84615325927734,-65.84751892089844,97.73428344726562,-97.73413848876953,89.79695892333984,-89.8005142211914,19.814544677734375,-19.808265686035156,33.58204650878906,33.580631256103516
0.0003031363303307444,0.0,0.0,0.0,26.333404541015625,-26.333251953125,89.78854370117188,-89.78868865966797,65.84615325927734,-65.84751892089844,97.73428344726562,-97.73413848876953,89.79695892333984,-89.8005142211914,19.814544677734375,-19.808265686035156,33.58204650878906,33.580631256103516
0.0003031363303307444,0.0,0.0,0.0,26.333404541015625,-26.333251953125,89.78854370117188,-89.78868865966797,65.84615325927734,-65.84751892089844,97.73428344726562,-97.73413848876953,89.79695892333984,-89.8005142211914,19.814544677734375,-19.808265686035156,33.58204650878906,33.580631256103516
0.0003031363303307444,0.0,0.0,0.0,26.333404541015625,-26.333251953125,89.78854370117188,-89.78868865966797,65.84615325927734,-65.84751892089844,97.73428344726562,-97.73413848876953,89.79695892333984,-89.8005142211914,19.814544677734375,-19.808265686035156,33.58204650878906,33.580631256103516
0.0003031363303307444,0.0,0.0,0.0,26.333404541015625,-26.333251953125,89.78854370117188,-89.78868865966797,65.84615325927734,-65.84751892089844,97.73428344726562,-97.73413848876953,89.79695892333984,-89.8005142211914,19.814544677734375,-19.808265686035156,33.58204650878906,33.580631256103516
0.0003031363303307444,0.0,0.0,0.0,26.333404541015625,-26.333251953125,89.78854370117188,-89.78868865966797,65.84615325927734,-65.84751892089844,97.73428344726562,-97.73413848876953,89.79695892333984,-89.8005142211914,19.814544677734375,-19.808265686035156,33.58204650878906,33.580631256103516
