sample_index,elapsed_time_s,wall_time_s,op_state,q_Joint_L0_deg,q_Joint_L1_deg,q_Joint_L2_U_deg,q_Joint_L3_U_deg,q_Joint_L2_L_deg,q_Joint_L3_L_deg,q_Joint_L4_L_deg,q_Joint_L5_L_deg,q_Joint_L6_L_deg,q_Joint_L7_L_deg,q_Joint_L8_L_deg,q_Joint_L2_R_deg,q_Joint_L3_R_deg,q_Joint_L4_R_deg,q_Joint_L5_R_deg,q_Joint_L6_R_deg,q_Joint_L7_R_deg,q_Joint_L8_R_deg,q_Dummy_0_deg,q_Dummy_1_deg,q_Dummy_2_deg,q_Dummy_3_deg,qdot_Joint_L0_deg_s,qdot_Joint_L1_deg_s,qdot_Joint_L2_U_deg_s,qdot_Joint_L3_U_deg_s,qdot_Joint_L2_L_deg_s,qdot_Joint_L3_L_deg_s,qdot_Joint_L4_L_deg_s,qdot_Joint_L5_L_deg_s,qdot_Joint_L6_L_deg_s,qdot_Joint_L7_L_deg_s,qdot_Joint_L8_L_deg_s,qdot_Joint_L2_R_deg_s,qdot_Joint_L3_R_deg_s,qdot_Joint_L4_R_deg_s,qdot_Joint_L5_R_deg_s,qdot_Joint_L6_R_deg_s,qdot_Joint_L7_R_deg_s,qdot_Joint_L8_R_deg_s,qdot_Dummy_0_deg_s,qdot_Dummy_1_deg_s,qdot_Dummy_2_deg_s,qdot_Dummy_3_deg_s,ik_mode,command_Joint_L0_deg,command_Joint_L1_deg,command_Joint_L2_U_deg,command_Joint_L3_U_deg,command_Joint_L2_L_deg,command_Joint_L3_L_deg,command_Joint_L4_L_deg,command_Joint_L5_L_deg,command_Joint_L6_L_deg,command_Joint_L7_L_deg,command_Joint_L8_L_deg,command_Joint_L2_R_deg,command_Joint_L3_R_deg,command_Joint_L4_R_deg,command_Joint_L5_R_deg,command_Joint_L6_R_deg,command_Joint_L7_R_deg,command_Joint_L8_R_deg,command_Dummy_0_deg,command_Dummy_1_deg,command_Dummy_2_deg,command_Dummy_3_deg
0,0.00322962899963386,1789352957.9082224,17,-0.0010809568,-0.16227022,0.011197081,0.016156565,0.00850296,-79.980194,-96.14236,-100.11267,-90.011604,-0.019184876,0.0035568238,-0.001121521,79.98467,96.127914,100.09153,90.02973,0.001826477,-0.00019226075,0.0,0.0,0.0,0.0,0.0,0.0,-0.0,0.0,0.0,0.0,0.8400009,-0.11999817,0.5400055,0.11999817,0.5400055,0.0,0.0,-0.9,0.0,0.9,-0.0,-0.17999725,0.0,0.0,0.0,0.0,rl_constraint,0.0,0.0,0.0,0.0,-0.9973360300064087,-77.2721939086914,-92.9677505493164,-100.9869613647461,-99.80693817138672,-2.318507671356201,3.6965417861938477,3.0471348762512207,75.730712890625,93.81292724609375,96.65613555908203,92.47216033935547,1.2450648546218872,-0.103598453104496,0.0,0.0,0.0,0.0
1,0.02288814099983938,1789352957.927881,17,-0.001084356,-0.16229117,0.011197081,0.016163364,0.00598526,-79.97179,-96.126114,-100.11588,-90.0746,-0.04893036,0.029841613,0.008983612,79.97175,96.11113,100.0728,90.048515,0.025790405,0.010986328,0.0,0.0,0.0,0.0,0.0,-0.0030791205,-0.0,0.0,-0.5000038,1.6499977,2.4600036,-0.7800018,-8.880002,-1.9799973,3.7199981,1.9000053,-2.4999962,-1.8,-3.1800065,2.1599946,1.2599945,0.11999817,0.0,0.0,0.0,0.0,rl_constraint,0.0,0.0,0.0,0.0,-1.0005849599838257,-77.2704086303711,-92.9144287109375,-101.00874328613281,-99.8082504272461,-2.382493495941162,3.750919818878174,3.0469131469726562,75.71878051757812,93.78667449951172,96.64192962646484,92.47404479980469,1.2939969301223755,-0.08322107791900635,0.0,0.0,0.0,0.0
2,0.04323608899994724,1789352957.948229,17,-0.0010877553,-0.16230366,0.01120048,0.016170163,-0.018493652,-79.90672,-96.02226,-100.14648,-90.27154,-0.12150879,0.16035919,0.089229584,79.87016,96.033035,99.96405,90.12373,0.06682434,-0.0034469604,0.0,0.0,0.0,0.0,0.0,0.0,-0.0,0.0,-1.699997,5.050003,7.5599947,-1.5600036,-11.520002,-4.3200026,9.239996,5.449997,-7.9000053,-4.619998,-7.080002,5.459999,1.8599991,-0.17999725,0.0,0.0,0.0,0.0,rl_constraint,0.0,0.0,0.0,0.0,-1.0577713251113892,-77.22834014892578,-92.74510955810547,-101.07351684570312,-99.80794525146484,-2.512927532196045,3.948812246322632,3.0951414108276367,75.65971374511719,93.71632385253906,96.52922821044922,92.51799774169922,1.3674259185791016,-0.13609331846237183,0.0,0.0,0.0,0.0
3,0.062401916999988316,1789352957.9673948,17,-0.0010911545,-0.16230848,0.01120048,0.01617696,-0.06675339,-79.77886,-95.857185,-100.192,-90.54065,-0.23411866,0.35422668,0.22239304,79.671906,95.9216,99.785385,90.251175,0.12052002,0.005960083,0.0,0.0,0.0,0.0,0.0,0.0,-0.0,0.0,-3.199997,7.5999985,9.660004,-2.3400054,-17.219997,-6.6599946,11.340006,8.599995,-12.199997,-7.3799973,-10.019999,7.4399962,4.3200026,0.17999725,0.0,0.0,0.0,0.0,rl_constraint,6.108421501949124e-08,0.0,0.0,0.0,-1.1141432523727417,-77.10867309570312,-92.56462097167969,-101.13853454589844,-99.79222106933594,-2.6785240173339844,4.15894079208374,3.1442551612854004,75.6063232421875,93.62096405029297,96.36561584472656,92.60391998291016,1.4128663539886475,-0.13251182436943054,0.0,0.0,0.0,0.0
4,0.08255645399958667,1789352957.987549,17,-0.001097953,-0.1623105,0.0112038795,0.016180359,-0.13822174,-79.60384,-95.66318,-100.24041,-90.91245,-0.3829422,0.5991119,0.41918564,79.397,95.78037,99.56808,90.404465,0.21038818,-0.0015655517,0.0,0.0,0.0,0.0,0.0,0.0,-0.0,0.0,-3.75,9.849998,10.8,-2.9999955,-21.360004,-9.239996,12.779997,11.000004,-15.349995,-7.2599993,-11.520002,9.299995,4.559999,-1.4400055,0.0,0.0,0.0,0.0,rl_constraint,6.108421501949124e-08,0.0,0.0,0.0,-1.1745274066925049,-76.92115020751953,-92.41558837890625,-101.17876434326172,-99.78703308105469,-2.842743158340454,4.3172101974487305,3.181591510772705,75.58689880371094,93.49427032470703,96.1867446899414,92.73224639892578,1.461289405822754,-0.14092227816581726,0.0,0.0,0.0,0.0
5,0.10233582199998636,1789352958.0073287,17,-0.001271314,-0.1623101,0.0112038795,0.016187157,-0.22242737,-79.381775,-95.41369,-100.32079,-91.42381,-0.57796323,0.90021974,0.66786575,79.05084,95.60635,99.30906,90.595375,0.3057495,-0.019184876,0.0,0.0,0.0,0.0,0.0,0.0,-0.0,0.0,-4.6499977,12.049999,13.019994,-4.7999954,-27.299995,-10.019999,16.680006,12.849998,-17.95,-8.519994,-13.5,10.440005,4.980006,-0.60000455,0.0,0.0,0.0,0.0,rl_constraint,2.401955612185702e-07,0.0,0.0,0.0,-1.2364957332611084,-76.70355987548828,-92.20177459716797,-101.22029876708984,-99.78428649902344,-3.062711238861084,4.519271373748779,3.224172592163086,75.58804321289062,93.33895111083984,95.96707153320312,92.91450500488281,1.4891629219055176,-0.17053043842315674,0.0,0.0,0.0,0.0
6,0.12246203999984573,1789352958.027455,17,-0.0013121048,-0.16230848,0.011207279,0.016190557,-0.31269836,-79.140396,-95.13456,-100.408066,-92.04186,-0.79252625,1.2262528,0.93852997,78.682495,95.405464,99.02304,90.80149,0.42434692,-0.03412628,0.0,0.0,0.0,0.0,0.0,0.0,-0.0,0.0,-3.8999977,12.099998,14.880007,-3.6599991,-33.000004,-10.380007,16.379997,13.599998,-18.500004,-10.380007,-15.060003,11.340006,5.2800016,-0.7200028,0.0,0.0,0.0,0.0,rl_constraint,2.401955612185702e-07,0.0,0.0,0.0,-1.2406909465789795,-76.48431396484375,-91.93656158447266,-101.25884246826172,-99.69681549072266,-3.3430347442626953,4.74279260635376,3.2037320137023926,75.62385559082031,93.140625,95.74182891845703,93.11272430419922,1.5543807744979858,-0.1918460726737976,0.0,0.0,0.0,0.0
7,0.14315604900002654,1789352958.048149,17,-0.0013087055,-0.16230486,0.011207279,0.016197355,-0.4088974,-78.88717,-94.82547,-100.48863,-92.7788,-1.0195725,1.5729812,1.2084732,78.31816,95.18551,98.722694,91.01922,0.5369705,-0.0508667,0.0,0.0,0.0,0.0,0.0,0.0030791212,-0.0,0.0,-5.6500053,13.049995,16.080002,-5.1600037,-39.360004,-10.8,18.119999,13.099995,-18.0,-11.219994,-15.000005,10.979998,5.9400053,-0.8400009,0.0,0.0,0.0,0.0,rl_constraint,2.401955612185702e-07,0.0,0.0,0.0,-1.2208397388458252,-76.29181671142578,-91.602294921875,-101.31999206542969,-99.5152816772461,-3.693373441696167,5.017210483551025,3.117560625076294,75.70994567871094,92.89994812011719,95.4979476928711,93.30142211914062,1.6283313035964966,-0.21828044950962067,0.0,0.0,0.0,0.0
8,0.16327201399963087,1789352958.0682652,17,-0.0013053063,-0.1622388,0.011207279,0.016200755,-0.5076256,-78.62676,-94.50934,-100.58467,-93.63531,-1.2588409,1.9342667,1.4598427,77.96733,94.95809,98.40233,91.24334,0.65157163,-0.06773071,0.0,0.0,0.0,0.0,0.0,0.006158639,-0.0,0.0,-4.5,12.899998,15.960004,-3.8399963,-46.8,-12.059995,18.119999,12.500004,-17.349998,-11.099996,-16.980001,10.919998,5.1600037,-0.7800018,0.0,0.0,0.0,0.0,rl_constraint,5.31122054781008e-07,0.0,0.0,0.0,-1.2004938125610352,-76.05805969238281,-91.24778747558594,-101.34369659423828,-99.28407287597656,-4.061729907989502,5.350212574005127,3.0032479763031006,75.817138671875,92.66006469726562,95.20140838623047,93.51168823242188,1.6949585676193237,-0.2594287693500519,0.0,0.0,0.0,0.0
9,0.1823591879997366,1789352958.087352,17,-0.0013053063,-0.16209543,0.011210677,0.016207553,-0.6023369,-78.36591,-94.18574,-100.65986,-94.61089,-1.5057312,2.2883973,1.6933365,77.63729,94.73674,98.0685,91.470825,0.7687958,-0.08294678,0.0,0.0,0.0,0.0,0.0,0.0063785347,-0.0,0.0,-4.4000015,12.899998,16.319998,-4.2000046,-51.599995,-13.440001,16.980001,11.200001,-15.799999,-11.159994,-17.339996,11.340006,5.6999955,-0.5400055,0.0,0.0,0.0,0.0,rl_constraint,5.31122054781008e-07,0.0,0.0,0.0,-1.1309306621551514,-75.81724548339844,-90.86001586914062,-101.32717895507812,-98.98526000976562,-4.45097017288208,5.677979469299316,2.82466197013855,75.92207336425781,92.42445373535156,94.88726043701172,93.69405364990234,1.7852903604507446,-0.3069385290145874,0.0,0.0,0.0,0.0
10,0.20235710199995083,1789352958.10735,17,-0.0013189033,-0.1619158,0.011210677,0.016210953,-0.68673706,-78.10464,-93.86665,-100.752426,-95.58792,-1.7661209,2.6443267,1.9058189,77.34908,94.51347,97.738235,91.698746,0.8815018,-0.0961441,0.0,0.0,0.0,0.0,0.0,0.01627676,-0.0,0.0,-4.1500053,12.999996,15.3,-4.3200026,-40.5,-13.200005,18.119999,10.150005,-13.5,-11.340006,-15.180002,11.099996,5.579997,-0.7800018,0.0,0.0,0.0,0.0,rl_constraint,9.276517971557041e-07,0.0,0.0,0.0,-1.0953412055969238,-75.56539916992188,-90.48352813720703,-101.23777770996094,-98.640380859375,-4.8232035636901855,6.011242389678955,2.692420244216919,76.00459289550781,92.20763397216797,94.53335571289062,93.89850616455078,1.8581523895263672,-0.36087721586227417,0.0,0.0,0.0,0.0
11,0.22241620199974932,1789352958.127409,17,-0.0013325003,-0.16145182,0.011210677,0.016214352,-0.7653122,-77.85442,-93.54908,-100.815796,-96.401146,-2.0304933,2.9846146,2.0857544,77.10029,94.29652,97.42871,91.91986,0.99283445,-0.111758426,0.0,0.0,0.0,0.0,0.0,0.016056746,-0.0,0.0,-3.3499947,13.049995,16.499996,-2.5800018,-42.42,-13.619998,18.179996,8.599995,-11.449997,-11.159994,-16.020002,10.740001,5.340001,-0.60000455,0.0,0.0,0.0,0.0,rl_constraint,9.276517971557041e-07,0.0,0.0,0.0,-1.0393397808074951,-75.39832305908203,-90.1490478515625,-101.12499237060547,-98.23634338378906,-5.159759044647217,6.294463634490967,2.5936877727508545,76.05767822265625,92.01788330078125,94.25505065917969,94.04611206054688,1.9390509128570557,-0.4308420717716217,0.0,0.0,0.0,0.0
12,0.242588484999942,1789352958.147581,17,-0.0013460971,-0.16130118,0.011214077,0.016217751,-0.83037186,-77.59279,-93.21467,-100.88211,-97.203926,-2.319461,3.3418763,2.2404213,76.88615,94.0614,97.1063,92.14676,1.0988662,-0.12987213,0.0,0.0,0.0,0.0,0.0,0.0030790772,-0.0,0.0,-3.0999985,12.849998,16.259998,-4.0800066,-36.359993,-13.739996,17.1,6.550003,-9.099998,-11.520002,-14.880007,10.620003,4.9199934,-0.9599991,0.0,0.0,0.0,0.0,rl_constraint,9.276517971557041e-07,0.0,0.0,0.0,-0.9946423768997192,-75.31764221191406,-89.7918472290039,-101.04621887207031,-97.89349365234375,-5.509068965911865,6.60570764541626,2.5314791202545166,76.07888793945312,91.83423614501953,94.02164459228516,94.13504028320312,2.0453178882598877,-0.5354510545730591,0.0,0.0,0.0,0.0
13,0.2631207319996065,1789352958.168114,17,-0.0013528956,-0.16105187,0.011214077,0.01622115,-0.8833122,-77.34049,-92.88505,-100.96116,-97.89447,-2.6146636,3.6844985,2.3538322,76.714386,93.837074,96.80044,92.365326,1.2021927,-0.14996338,0.0,0.0,0.0,0.0,0.0,0.033873353,-0.0,0.0,-1.9000053,12.500004,16.559994,-2.5800018,-31.679996,-14.519999,16.140001,5.000004,-7.6499977,-10.500005,-15.599996,10.380007,5.1600037,-1.3199936,0.0,0.0,0.0,0.0,rl_constraint,1.4235727121558739e-06,0.0,0.0,0.0,-0.9803652763366699,-75.22735595703125,-89.5085220336914,-100.91104125976562,-97.64875793457031,-5.779189586639404,6.853291034698486,2.5087332725524902,76.05193328857422,91.71125793457031,93.82425689697266,94.23404693603516,2.1216888427734375,-0.6508260369300842,0.0,0.0,0.0,0.0
14,0.28300097299961635,1789352958.187994,17,-0.0013562948,-0.16036679,0.011214077,0.01622455,-0.9182625,-77.09598,-92.55436,-100.99215,-98.476845,-2.9161286,4.018112,2.434639,76.572945,93.611176,96.48251,92.578735,1.3008636,-0.18959656,0.0,0.0,0.0,0.0,0.0,0.0321134,-0.0,0.0,-1.6499977,11.750004,16.920002,-0.60000455,-27.480007,-16.020002,16.080002,2.7500038,-5.299999,-11.159994,-16.020002,10.380007,5.0400057,-2.3400054,0.0,0.0,0.0,0.0,rl_constraint,1.4235727121558739e-06,0.0,0.0,0.0,-0.977138876914978,-75.1517333984375,-89.28810119628906,-100.75646209716797,-97.4569320678711,-6.006520748138428,7.02446174621582,2.4740545749664307,76.01441955566406,91.60962677001953,93.70602416992188,94.27355194091797,2.2012593746185303,-0.8111826181411743,0.0,0.0,0.0,0.0
15,0.3030418489997828,1789352958.2080348,17,-0.001359694,-0.160045,0.011214077,0.01622795,-0.9500427,-76.861786,-92.2201,-100.99781,-98.94037,-3.2201753,4.346068,2.4859085,76.46131,93.38883,96.17377,92.781425,1.3947418,-0.22804871,0.0,0.0,0.0,0.0,0.0,0.019795554,-0.0,0.0,-1.1500053,11.25,16.860004,0.23999634,-19.620003,-14.340001,16.860004,2.5499954,-5.499996,-11.280006,-14.340001,10.620003,5.519998,-1.9199982,0.0,0.0,0.0,0.0,rl_constraint,2.012673121498665e-06,0.0,0.0,0.0,-1.0646567344665527,-74.99948120117188,-89.15699768066406,-100.53038024902344,-97.39100646972656,-6.144235610961914,7.14219331741333,2.4912350177764893,75.91362762451172,91.56878662109375,93.60128784179688,94.34562683105469,2.225102186203003,-0.9581241607666016,0.0,0.0,0.0,0.0
16,0.3231738089998544,1789352958.2281668,17,-0.0013630933,-0.15942557,0.011214077,0.01622795,-0.96635056,-76.6422,-91.89069,-100.993866,-99.28297,-3.5247025,4.665248,2.5280457,76.37715,93.17145,95.88007,92.97383,1.4860382,-0.27530366,0.0,0.0,0.0,0.0,0.0,0.039151363,-0.0,0.0,-0.5000038,10.749996,16.319998,-0.17999725,-13.380002,-16.020002,15.900004,1.3500023,-4.250004,-10.2599945,-15.000005,9.0,3.8399963,-2.3400054,0.0,0.0,0.0,0.0,rl_constraint,2.012673121498665e-06,0.0,0.0,0.0,-1.1606082916259766,-74.85527038574219,-89.080810546875,-100.39990997314453,-97.35675048828125,-6.254185199737549,7.243134498596191,2.5404021739959717,75.77545166015625,91.56422424316406,93.62262725830078,94.37052917480469,2.2660884857177734,-1.0923562049865723,0.0,0.0,0.0,0.0
17,0.3430045869999958,1789352958.2479978,17,-0.0013664926,-0.15835467,0.011214077,0.016231349,-0.9813652,-76.436386,-91.567856,-100.985245,-99.50739,-3.8240113,4.973277,2.5466309,76.29226,92.97067,95.595406,93.15124,1.5757554,-0.32375336,0.0,0.0,0.0,0.0,-0.025987154,0.057846762,-0.0,0.0,-0.94999695,9.899998,16.020002,1.0199982,-7.6800065,-14.579997,14.699995,0.70000076,-3.1499977,-10.079997,-13.440001,8.1,5.0400057,-2.8199983,0.0,0.0,0.0,0.0,rl_constraint,2.012673121498665e-06,0.0,0.0,0.0,-1.2906006574630737,-74.74552917480469,-89.03346252441406,-100.36294555664062,-97.35298919677734,-6.363157749176025,7.329559326171875,2.623647928237915,75.60283660888672,91.60334014892578,93.75275421142578,94.38134002685547,2.3127601146698,-1.2123621702194214,0.0,0.0,0.0,0.0
18,0.3628600369997912,1789352958.267853,17,-0.0013664926,-0.1571082,0.011214077,0.016234748,-1.006382,-76.233696,-91.25247,-100.96796,-99.61206,-4.1203675,5.2707872,2.5604553,76.241745,92.77641,95.33453,93.32,1.6631927,-0.38524932,0.0,0.0,0.0,0.0,0.0,0.06422381,-0.0,0.0,-1.2000046,9.500004,14.819994,0.66000366,-2.0399964,-13.619998,13.140005,0.70000076,-2.1500015,-8.040001,-11.879997,7.140001,4.1400056,-4.5,0.0,0.0,0.0,0.0,rl_constraint,2.6887405510933604e-06,0.0,0.0,0.0,-1.4621520042419434,-74.48690795898438,-89.08026123046875,-100.29164123535156,-97.51023864746094,-6.392450332641602,7.380987167358398,2.747105121612549,75.4102783203125,91.66460418701172,93.87421417236328,94.48594665527344,2.3005900382995605,-1.3216500282287598,0.0,0.0,0.0,0.0
19,0.38256572000000233,1789352958.2875586,17,-0.0013664926,-0.1554083,0.011214077,0.016238147,-1.0242004,-76.05002,-90.975555,-100.948906,-99.58619,-4.3967834,5.537988,2.5670357,76.17233,92.61038,95.11283,93.46768,1.738298,-0.4625519,0.0,0.0,0.0,0.0,0.0,0.11304922,-0.0,0.0,-0.70000076,9.400005,13.559999,1.0799973,4.2000046,-12.839996,12.959994,-0.099998474,-4.749996,-8.279997,-10.979998,6.960004,3.8399963,-3.8999953,0.0,0.0,0.0,0.0,rl_constraint,2.6887405510933604e-06,0.0,0.0,0.0,-1.6257416009902954,-74.25812530517578,-89.15882873535156,-100.32831573486328,-97.71592712402344,-6.419571399688721,7.440029144287109,2.9040729999542236,75.16968536376953,91.75489044189453,94.08468627929688,94.6042709350586,2.295167922973633,-1.4497677087783813,0.0,0.0,0.0,0.0
20,0.4028066449996004,1789352958.3077996,17,-0.0013664926,-0.15189703,0.011217476,0.016238147,-1.0451775,-75.87302,-90.70226,-100.92537,-99.44546,-4.655374,5.7889986,2.568203,76.09696,92.446556,94.90457,93.603966,1.816713,-0.5333313,0.0,0.0,0.0,0.0,0.0,0.23246512,-0.0,0.0,-1.300003,8.650005,12.540001,1.3199936,9.299995,-13.140005,12.300005,0.94999695,-2.7500038,-6.7199936,-9.600004,6.9000044,3.1199937,-3.480002,0.0,0.0,0.0,0.0,rl_constraint,3.4455636068742024e-06,0.0,0.0,0.0,-1.813582420349121,-73.92036437988281,-89.30477905273438,-100.31048583984375,-98.07512664794922,-6.365957736968994,7.447359561920166,3.1086604595184326,74.90058898925781,91.8354721069336,94.22592163085938,94.84227752685547,2.2472293376922607,-1.5126850605010986,0.0,0.0,0.0,0.0
21,0.42298980099985783,1789352958.327983,17,-0.0013664926,-0.14643902,0.011217476,0.016241545,-1.0783081,-75.69364,-90.46553,-100.887245,-99.19119,-4.896483,6.0208373,2.592579,76.029045,92.33498,94.726425,93.732635,1.8812027,-0.6217575,0.0,0.0,0.0,0.0,0.0,0.2647743,-0.0,0.0,-2.1000023,8.800003,11.099996,2.6400008,16.319998,-11.400004,11.280006,1.4000015,-4.9000053,-6.3,-7.3799973,6.7800064,2.5800018,-4.5,0.0,0.0,0.0,0.0,rl_constraint,3.4455636068742024e-06,0.0,0.0,0.0,-1.9810919761657715,-73.54940032958984,-89.52433013916016,-100.36524200439453,-98.4612045288086,-6.290502548217773,7.426934719085693,3.3166251182556152,74.62030029296875,91.94235229492188,94.42537689208984,95.08977508544922,2.189617872238159,-1.5783475637435913,0.0,0.0,0.0,0.0
22,0.44328696599995965,1789352958.34828,17,-0.0013664926,-0.14325637,0.011217476,0.016241545,-1.1304016,-75.50917,-90.25594,-100.819954,-98.804405,-5.116141,6.232695,2.6222076,75.928955,92.21829,94.583305,93.86693,1.9423691,-0.7119827,0.0,0.0,0.0,0.0,0.0,0.080264114,-0.0,0.0,-2.9000015,9.400005,9.600004,3.9599946,22.739996,-9.959999,9.359995,1.4000015,-4.250004,-4.440001,-5.459999,5.6399965,2.7,-4.380002,0.0,0.0,0.0,0.0,rl_constraint,3.4455636068742024e-06,0.0,0.0,0.0,-2.182579517364502,-73.20411682128906,-89.76421356201172,-100.4066162109375,-98.88640594482422,-6.183459758758545,7.369778633117676,3.5722739696502686,74.32288360595703,92.01332092285156,94.6501235961914,95.38713836669922,2.1363093852996826,-1.6128320693969727,0.0,0.0,0.0,0.0
23,0.46309877999965465,1789352958.3680916,17,-0.0013664926,-0.14279532,0.011217476,0.016244944,-1.1973953,-75.320244,-90.08689,-100.73867,-98.33968,-5.302661,6.4150405,2.6638298,75.82654,92.1343,94.48966,93.995674,2.0002258,-0.8038559,0.0,0.0,0.0,0.0,0.0,-0.0030782644,-0.0,0.0,-3.0999985,9.75,7.2,2.9999955,16.499996,-8.219998,9.0,3.1499977,-6.2999954,-4.1400056,-4.2000046,6.960004,2.4600036,-5.340001,0.0,0.0,0.0,0.0,rl_constraint,4.276929757907055e-06,0.0,0.0,0.0,-2.4298529624938965,-72.72221374511719,-90.09516143798828,-100.31732177734375,-99.46101379394531,-5.9639716148376465,7.260570049285889,3.8384618759155273,73.99784088134766,92.08435821533203,94.78522491455078,95.82453155517578,2.034217596054077,-1.619442343711853,0.0,0.0,0.0,0.0
24,0.48302762299999813,1789352958.3880205,17,-0.0013698918,-0.14279693,0.011217476,0.016244944,-1.2656708,-75.12034,-89.96817,-100.69593,-98.072754,-5.462045,6.575743,2.7244263,75.70623,92.072914,94.42326,94.1266,2.0291336,-0.89601743,0.0,0.0,0.0,0.0,0.0,0.0030782646,-0.0,0.0,-4.2000046,10.400002,4.3200026,1.6200027,14.579997,-6.9000044,7.5599947,3.0999985,-6.999996,-1.4400055,-1.9199982,7.4399962,1.1399963,-4.0800066,0.0,0.0,0.0,0.0,rl_constraint,4.276929757907055e-06,0.0,0.0,0.0,-2.629176616668701,-72.18379211425781,-90.40787506103516,-100.32384490966797,-100.0704116821289,-5.767858505249023,7.181123733520508,4.0924482345581055,73.7301025390625,92.12991333007812,94.90592193603516,96.2585220336914,1.9230575561523438,-1.6234991550445557,0.0,0.0,0.0,0.0
25,0.5025968059999286,1789352958.4075897,17,-0.0013698918,-0.14261535,0.011217476,0.016248344,-1.3580933,-74.90723,-89.882706,-100.66433,-97.82783,-5.5847216,6.7129073,2.7907562,75.56448,92.05891,94.409294,94.28099,2.0531387,-0.97768706,0.0,0.0,0.0,0.0,0.0,0.0030782565,-0.0,0.0,-4.7999954,11.25,4.2000046,1.740001,9.959999,-5.1600037,5.9400053,3.949997,-7.0999947,-0.9,0.5400055,7.6199937,0.7200028,-4.7399964,0.0,0.0,0.0,0.0,rl_constraint,5.176628292247187e-06,0.0,0.0,0.0,-2.871556043624878,-71.44956970214844,-90.77348327636719,-100.15069580078125,-100.69611358642578,-5.485172271728516,7.061559677124023,4.33330774307251,73.47264099121094,92.1949234008789,94.8519515991211,96.83329772949219,1.7197625637054443,-1.575340986251831,0.0,0.0,0.0,0.0
26,0.5230950979998852,1789352958.4280884,17,-0.0013698918,-0.14257428,0.011217476,0.016248344,-1.4686203,-74.66185,-89.83167,-100.61451,-97.66387,-5.68147,6.819804,2.8876534,75.40143,92.02873,94.41769,94.455025,2.06017,-1.0639023,0.0,0.0,0.0,0.0,0.0,0.0030782549,-0.0,0.0,-6.1499977,12.999996,0.3599945,3.2400055,5.459999,-3.6,5.0400057,5.750004,-8.100002,-1.6800019,0.17999725,9.239996,0.17999725,-4.3200026,0.0,0.0,0.0,0.0,rl_constraint,5.176628292247187e-06,0.0,0.0,0.0,-3.0517351627349854,-70.76396942138672,-91.06535339355469,-99.98275756835938,-101.20787811279297,-5.243310451507568,6.898719787597656,4.517178535461426,73.20173645019531,92.20568084716797,94.77361297607422,97.39684295654297,1.5348739624023438,-1.5156325101852417,0.0,0.0,0.0,0.0
27,0.5429329649996362,1789352958.447926,17,-0.001373291,-0.1425328,0.011217476,0.016251743,-1.5934181,-74.39016,-89.84509,-100.555214,-97.612206,-5.737088,6.9019957,3.0140991,75.22472,92.00291,94.41887,94.65304,2.042015,-1.1388153,0.0,0.0,0.0,0.0,0.0,0.003078253,-0.0,0.0,-6.6500015,14.100002,-1.0199982,2.0399964,-0.29999542,-1.6200027,3.3600037,6.4000053,-8.850002,-0.7800018,0.059999086,10.380007,-0.7800018,-2.9399962,0.0,0.0,0.0,0.0,rl_constraint,5.176628292247187e-06,0.0,0.0,0.0,-3.187577962875366,-70.1097412109375,-91.27336120605469,-99.77679443359375,-101.63127899169922,-5.028357982635498,6.733611106872559,4.6727471351623535,72.97309875488281,92.1827621459961,94.61005401611328,97.93458557128906,1.35452139377594,-1.4495559930801392,0.0,0.0,0.0,0.0
28,0.5630465429999276,1789352958.4680398,17,-0.0013766902,-0.14251468,0.011214077,0.016251743,-1.723732,-74.08337,-89.878426,-100.51505,-97.68617,-5.7669296,6.9646177,3.1450882,75.03236,91.99822,94.43865,94.88154,2.025151,-1.2111466,0.0,0.0,0.0,0.0,0.0,0.003078252,-0.0,0.0,-6.8999977,16.5,-2.759999,1.9799973,-6.539996,-0.8400009,2.4600036,6.75,-9.600002,0.7200028,1.2599945,11.520002,-1.0799973,-2.759999,0.0,0.0,0.0,0.0,rl_constraint,6.138446224213112e-06,0.0,0.0,0.0,-3.3355557918548584,-69.37115478515625,-91.44116973876953,-99.46019744873047,-102.08887481689453,-4.770256996154785,6.560380935668945,4.777569770812988,72.70635986328125,92.16566467285156,94.27234649658203,98.5538101196289,1.1590629816055298,-1.3899911642074585,0.0,0.0,0.0,0.0
29,0.5832818469998529,1789352958.488275,17,-0.0013800894,-0.14239751,0.011214077,0.016251743,-1.8669434,-73.72425,-89.965294,-100.47063,-97.87155,-5.750148,6.9971647,3.2895927,74.82332,92.021034,94.454216,95.14994,1.9901596,-1.2612854,0.0,0.0,0.0,0.0,0.0,0.006596589,-0.0,0.0,-7.300003,18.299995,-5.579997,2.5800018,-11.819998,2.3400054,1.0199982,7.699997,-10.849995,0.60000455,0.11999817,14.4,-1.8599991,-2.2800064,0.0,0.0,0.0,0.0,rl_constraint,6.138446224213112e-06,0.0,0.0,0.0,-3.39804744720459,-68.69678497314453,-91.53794860839844,-99.1160659790039,-102.4679946899414,-4.516238689422607,6.3883795738220215,4.884697437286377,72.49374389648438,92.1305160522461,93.86681365966797,99.1401596069336,0.9697790145874023,-1.2997199296951294,0.0,0.0,0.0,0.0
30,0.6032183639999857,1789352958.5082114,17,-0.0013834888,-0.14232543,0.011214077,0.016251743,-2.0175362,-73.34816,-90.07433,-100.38891,-98.16636,-5.6981688,7.0077667,3.440277,74.61353,92.03367,94.447334,95.43925,1.9494278,-1.3021133,0.0,0.0,0.0,0.0,0.0,0.0,-0.0,0.0,-7.8499947,20.399998,-4.980006,5.340001,-17.219997,2.759999,-0.23999634,8.100002,-11.200001,0.9,-0.059999086,16.379997,-2.4600036,-1.5600036,0.0,0.0,0.0,0.0,rl_constraint,7.15617125024437e-06,0.0,0.0,0.0,-3.4801464080810547,-67.94619750976562,-91.63711547851562,-98.5232162475586,-102.93606567382812,-4.152602672576904,6.180240154266357,4.974846363067627,72.28636932373047,92.0817642211914,93.25151824951172,99.79647827148438,0.7204249501228333,-1.2271497249603271,0.0,0.0,0.0,0.0
31,0.6229696249997687,1789352958.5279627,17,-0.001386888,-0.1423049,0.011214077,0.016251743,-2.17408,-72.91949,-90.20009,-100.28839,-98.58598,-5.6283507,6.982155,3.6030922,74.390686,92.05702,94.44496,95.769295,1.881134,-1.3273544,0.0,0.0,0.0,0.0,0.0,0.0,-0.0,0.0,-7.2000046,22.400002,-7.2599993,4.6799974,-25.020002,4.1400056,-1.5600036,8.050003,-11.000004,0.9599991,-1.0799973,18.359995,-4.559999,-1.0799973,0.0,0.0,0.0,0.0,rl_constraint,7.15617125024437e-06,0.0,0.0,0.0,-3.393458604812622,-67.27548217773438,-91.6678237915039,-97.90007019042969,-103.3293228149414,-3.8095288276672363,5.908458709716797,4.997040271759033,72.04966735839844,92.05701446533203,92.64857482910156,100.3646240234375,0.47093841433525085,-1.1245827674865723,0.0,0.0,0.0,0.0
32,0.6430018399996698,1789352958.547995,17,-0.0013902872,-0.14229283,0.011214077,0.016255142,-2.322075,-72.45605,-90.337654,-100.172,-99.12373,-5.5311356,6.939363,3.7606888,74.16719,92.073944,94.41441,96.13492,1.785553,-1.344397,0.0,0.0,0.0,0.0,0.0,0.0,-0.0,0.0,-7.250004,24.05,-7.2599993,7.140001,-28.740002,5.459999,-2.5200028,7.5999985,-11.399998,0.60000455,-2.0999954,18.359995,-4.380002,-0.41999358,0.0,0.0,0.0,0.0,rl_constraint,7.15617125024437e-06,0.0,0.0,0.0,-3.259012460708618,-66.77062225341797,-91.56845092773438,-97.22694396972656,-103.64225006103516,-3.514780282974243,5.645140171051025,4.983882427215576,71.86601257324219,92.02214050292969,91.99371337890625,100.84173583984375,0.20844721794128418,-1.041818380355835,0.0,0.0,0.0,0.0
33,0.6631436419997954,1789352958.5681365,17,-0.0013936864,-0.14227471,0.011214077,0.016255142,-2.4694748,-71.94816,-90.48601,-100.01165,-99.772804,-5.400453,6.8713303,3.921135,73.93347,92.07941,94.34689,96.54313,1.6789169,-1.3493545,0.0,0.0,0.0,0.0,0.0,0.0030782416,-0.0,0.0,-6.6500015,25.749996,-6.960004,9.119998,-25.860004,6.7800064,-4.0800066,7.5,-11.399998,-0.059999086,-4.7399964,20.879997,-6.479997,-0.17999725,0.0,0.0,0.0,0.0,rl_constraint,8.223590157285798e-06,0.0,0.0,0.0,-3.2024075984954834,-66.22856140136719,-91.50617980957031,-96.3548812866211,-104.02604675292969,-3.1083221435546875,5.35292911529541,4.979824542999268,71.60832214355469,92.01416015625,91.17979431152344,101.37451934814453,-0.09576821327209473,-0.9640112519264221,0.0,0.0,0.0,0.0
34,0.682270879999578,1789352958.5872638,17,-0.0013936864,-0.14226423,0.011214077,0.016255142,-2.5982437,-71.43677,-90.62049,-99.8124,-100.20412,-5.2502565,6.7891526,4.059437,73.71123,92.07039,94.2126,96.954315,1.5570236,-1.3355529,0.0,0.0,0.0,0.0,0.0,0.0,-0.0,0.0,-6.0999985,26.650005,-6.419998,11.400004,-21.719997,8.279997,-4.380002,7.300003,-11.599995,-0.059999086,-8.339996,22.140005,-5.8800063,0.9599991,0.0,0.0,0.0,0.0,rl_constraint,8.223590157285798e-06,0.0,0.0,0.0,-3.128471612930298,-65.90470123291016,-91.41960906982422,-95.44158172607422,-104.35232543945312,-2.6770050525665283,5.047871112823486,5.085178375244141,71.42219543457031,91.9625015258789,90.39611053466797,101.83513641357422,-0.36961567401885986,-0.8852270841598511,0.0,0.0,0.0,0.0
35,0.7034250909996445,1789352958.608418,17,-0.0013970856,-0.14225619,0.011214077,0.016255142,-2.7118492,-70.88332,-90.75262,-99.54448,-100.65053,-5.064148,6.675073,4.1959076,73.47486,92.08482,94.007645,97.405785,1.4047257,-1.3143082,0.0,0.0,0.0,0.0,0.0,0.003078241,-0.0,0.0,-4.699997,27.299995,-6.5999956,14.699995,-23.46,9.179997,-6.1800017,6.199997,-11.950001,0.29999542,-12.119993,23.220003,-8.040001,0.9599991,0.0,0.0,0.0,0.0,rl_constraint,9.334496098745149e-06,0.0,0.0,0.0,-3.121999979019165,-65.6220932006836,-91.40904998779297,-94.33724975585938,-104.97651672363281,-2.091677188873291,4.637692451477051,5.289851188659668,71.19847869873047,91.97418212890625,89.49381256103516,102.3574447631836,-0.723421573638916,-0.8470358848571777,0.0,0.0,0.0,0.0
36,0.7234043270000257,1789352958.6283975,17,-0.0013970856,-0.14225055,0.011214077,0.016255142,-2.805256,-70.33189,-90.87153,-99.23251,-101.11308,-4.856108,6.5413284,4.3128204,73.243645,92.07319,93.737,97.86521,1.2456986,-1.2856613,0.0,0.0,0.0,0.0,0.0,0.0,-0.0,0.0,-4.4000015,27.7,-5.2200027,17.339996,-23.280003,10.500005,-7.4399962,5.750004,-11.349998,-0.5400055,-14.819994,22.799995,-8.700005,1.5000045,0.0,0.0,0.0,0.0,rl_constraint,9.334496098745149e-06,0.0,0.0,0.0,-3.075540065765381,-65.45464324951172,-91.39724731445312,-93.27178955078125,-105.63905334472656,-1.4913820028305054,4.1812520027160645,5.502326488494873,70.98262786865234,91.96488189697266,88.71949005126953,102.78824615478516,-1.031499981880188,-0.8219887614250183,0.0,0.0,0.0,0.0
37,0.7432914930000152,1789352958.6482847,17,-0.0014004849,-0.14224611,0.011214077,0.016255142,-2.8790817,-69.78831,-90.96851,-98.84489,-101.5538,-4.618295,6.384595,4.4280624,73.0139,92.07738,93.4186,98.33627,1.0680358,-1.254364,0.0,0.0,0.0,0.0,0.0,0.0,-0.0,0.0,-3.1499977,26.750004,-4.380002,20.879997,-22.080006,12.119993,-8.279997,5.499996,-11.200001,0.7200028,-17.279997,23.4,-10.139997,1.8,0.0,0.0,0.0,0.0,rl_constraint,9.334496098745149e-06,0.0,0.0,0.0,-3.0942599773406982,-65.34893798828125,-91.36151123046875,-92.19792938232422,-106.33776092529297,-0.9043071866035461,3.68180251121521,5.723533630371094,70.78923797607422,91.97974395751953,88.02008056640625,103.13829803466797,-1.3388406038284302,-0.8223076462745667,0.0,0.0,0.0,0.0
38,0.7630828989999827,1789352958.668076,17,-0.0014004849,-0.14223927,0.011214077,0.016255142,-2.937275,-69.27467,-91.05489,-98.407394,-101.98016,-4.3514647,6.203883,4.540432,72.794495,92.07125,93.04819,98.80082,0.87778014,-1.2149369,0.0,0.0,0.0,0.0,0.0,0.0030782402,-0.0,0.0,-2.5499954,25.749996,-3.6599991,24.000004,-20.879997,14.639997,-10.019999,5.800003,-11.499996,-1.1399963,-20.7,24.719994,-9.359995,2.1599946,0.0,0.0,0.0,0.0,rl_constraint,1.0482672223588452e-05,0.0,0.0,0.0,-3.279918909072876,-65.13367462158203,-91.48609161376953,-91.0273208618164,-107.1474838256836,-0.17151115834712982,3.085543632507324,6.0529398918151855,70.54330444335938,92.04957580566406,87.30076599121094,103.53929901123047,-1.741166353225708,-0.8304244875907898,0.0,0.0,0.0,0.0
39,0.7828237219996481,1789352958.6878166,17,-0.0014004849,-0.14222397,0.011214077,0.016255142,-2.9797783,-68.77162,-91.12099,-97.88801,-102.42339,-4.049904,5.9896636,4.6583633,72.56874,92.05736,92.613785,99.279015,0.6687927,-1.1784347,0.0,0.0,0.0,0.0,0.0,0.0,-0.0,0.0,-1.6499977,24.400005,-2.759999,28.199995,-22.919994,15.359999,-11.280006,5.8500023,-10.849995,-0.60000455,-23.160004,23.100004,-11.580002,1.1999954,0.0,0.0,0.0,0.0,rl_constraint,1.0482672223588452e-05,0.0,0.0,0.0,-3.5970566272735596,-64.94758605957031,-91.57063293457031,-89.90465545654297,-107.93809509277344,0.5161722898483276,2.452946901321411,6.485713005065918,70.35321807861328,92.1194076538086,86.66352081298828,103.8790283203125,-2.1320459842681885,-0.8826169967651367,0.0,0.0,0.0,0.0
40,0.8029572870000266,1789352958.7079506,17,-0.0014004849,-0.14221472,0.011210677,0.016255142,-3.0138588,-68.298,-91.17695,-97.29782,-102.88515,-3.705716,5.740329,4.7878876,72.34568,92.049194,92.13423,99.7549,0.4398926,-1.1470139,0.0,0.0,0.0,0.0,0.0,0.0,-0.0,0.0,-1.7999954,22.950005,-2.8799973,31.739996,-22.980007,18.359995,-13.980006,6.949997,-10.799995,-0.29999542,-25.319998,24.659994,-12.540001,2.4000046,0.0,0.0,0.0,0.0,rl_constraint,1.1661908501992002e-05,0.0,0.0,0.0,-4.092948913574219,-64.65078735351562,-91.74861145019531,-88.6820068359375,-108.80611419677734,1.287030816078186,1.7449966669082642,6.994700908660889,70.14791107177734,92.23219299316406,86.00895690917969,104.28158569335938,-2.5790834426879883,-0.9872645139694214,0.0,0.0,0.0,0.0
41,0.8233543419996749,1789352958.7283473,17,-0.0014038841,-0.14218411,0.011210677,0.016255142,-3.0597382,-67.84495,-91.23655,-96.61495,-103.38694,-3.3152618,5.453929,4.9272995,72.11782,92.046906,91.59631,100.23881,0.1848999,-1.0953919,0.0,0.0,0.0,0.0,0.0,0.0063767233,-0.0,0.0,-2.7500038,20.95,-2.5800018,35.28,-24.659994,19.440006,-16.020002,7.6499977,-11.499996,0.4800064,-27.119999,22.5,-12.719998,1.8599991,0.0,0.0,0.0,0.0,rl_constraint,1.1661908501992002e-05,0.0,0.0,0.0,-4.707110404968262,-64.3902359008789,-91.90642547607422,-87.56755828857422,-109.57786560058594,2.0293679237365723,1.0618852376937866,7.52224063873291,69.88005065917969,92.40723419189453,85.53044891357422,104.62101745605469,-3.0164034366607666,-1.0529321432113647,0.0,0.0,0.0,0.0
42,0.8431513169998652,1789352958.7481441,17,-0.0014038841,-0.14210801,0.011210677,0.016255142,-3.1222916,-67.43445,-91.28212,-95.877785,-103.90655,-2.8944442,5.13398,5.093479,71.89556,92.06826,91.045265,100.70178,-0.08021393,-1.0622269,0.0,0.0,0.0,0.0,0.0,0.0061568716,-0.0,0.0,-3.5000038,19.950005,-2.0999954,38.340004,-25.860004,22.380001,-16.860004,9.500004,-10.699997,0.8400009,-28.500004,22.679996,-13.080007,1.1999954,0.0,0.0,0.0,0.0,rl_constraint,1.1661908501992002e-05,0.0,0.0,0.0,-5.4425787925720215,-64.21979522705078,-91.94747924804688,-86.52113342285156,-110.25125122070312,2.7086615562438965,0.3735131323337555,7.991657257080078,69.67671203613281,92.59534454345703,85.17569732666016,104.87109375,-3.4533963203430176,-1.1718884706497192,0.0,0.0,0.0,0.0
43,0.8642106269999204,1789352958.7692037,17,-0.0014038841,-0.1420158,0.011210677,0.016255142,-3.2171745,-67.0279,-91.33127,-95.049934,-104.48249,-2.4136002,4.7526994,5.301281,71.66612,92.08181,90.438286,101.17462,-0.37721556,-1.038414,0.0,0.0,0.0,0.0,0.0,0.0032980752,-0.0,0.0,-5.6500053,18.75,-2.759999,40.62,-28.859999,23.759995,-18.419994,10.749996,-11.299999,0.60000455,-29.219994,22.919994,-14.639997,0.8400009,0.0,0.0,0.0,0.0,rl_constraint,1.2865992175647989e-05,0.0,0.0,0.0,-6.389120101928711,-63.956111907958984,-92.07073974609375,-85.3819580078125,-110.96678924560547,3.502141237258911,-0.39199647307395935,8.5596342086792,69.36466217041016,92.83714294433594,84.74710083007812,105.23002624511719,-3.965376138687134,-1.3318848609924316,0.0,0.0,0.0,0.0
44,0.8829857239998091,1789352958.7879791,17,-0.0014038841,-0.14188534,0.011210677,0.016255142,-3.338791,-66.693756,-91.39279,-94.277885,-105.01635,-1.9557587,4.3819795,5.512047,71.458206,92.09781,89.905556,101.58234,-0.65560913,-1.0265625,0.0,0.0,0.0,0.0,0.0,0.0096751675,-0.0,0.0,-7.3500023,17.3,-3.540001,42.960003,-28.740002,26.1,-21.839996,12.149998,-11.349998,1.0799973,-28.319994,21.180006,-14.940005,0.4800064,0.0,0.0,0.0,0.0,rl_constraint,1.2865992175647989e-05,0.0,0.0,0.0,-7.413002014160156,-63.7952880859375,-92.14510345458984,-84.35270690917969,-111.56393432617188,4.231544494628906,-1.0845788717269897,9.165412902832031,69.10594177246094,93.06519317626953,84.46439361572266,105.54801177978516,-4.4430975914001465,-1.5021216869354248,0.0,0.0,0.0,0.0
45,0.9027509139996255,1789352958.807744,17,-0.0014038841,-0.1417114,0.011210677,0.016255142,-3.5241165,-66.35446,-91.45902,-93.3934,-105.61715,-1.4292663,3.9452043,5.7647667,71.237915,92.127556,89.33301,102.011284,-0.9766571,-1.0311356,0.0,0.0,0.0,0.0,0.0,0.012753763,-0.0,0.0,-11.100002,16.45,-2.9399962,45.299995,-31.56,27.9,-22.919994,13.250004,-10.549999,1.6800019,-28.259995,21.899996,-16.080002,-1.6800019,0.0,0.0,0.0,0.0,rl_constraint,1.40887095767539e-05,0.0,0.0,0.0,-8.602721214294434,-63.57255554199219,-92.26325225830078,-83.18802642822266,-112.25618743896484,5.070550918579102,-1.782175064086914,9.858001708984375,68.77656555175781,93.32787322998047,84.0813980102539,106.00325012207031,-4.984068870544434,-1.7127063274383545,0.0,0.0,0.0,0.0
46,0.9231384429999707,1789352958.8281317,17,-0.0014038841,-0.14152457,0.011210677,0.016255142,-3.78059,-66.02877,-91.51566,-92.46687,-106.23364,-0.8736191,3.4758544,6.0546913,71.01736,92.17268,88.76599,102.427216,-1.3174667,-1.060524,0.0,0.0,0.0,0.0,0.0,0.009455275,-0.0,0.0,-14.700005,15.650002,-3.1199937,46.92,-32.280003,29.759998,-25.499996,15.75,-11.299999,3.3000045,-27.780003,20.099995,-16.619993,-1.4400055,0.0,0.0,0.0,0.0,rl_constraint,1.40887095767539e-05,0.0,0.0,0.0,-9.7978515625,-63.46997833251953,-92.29804992675781,-82.1233901977539,-112.83429718017578,5.875709056854248,-2.4224162101745605,10.49163818359375,68.38966369628906,93.62010192871094,83.81016540527344,106.45027160644531,-5.503190994262695,-1.9614274501800537,0.0,0.0,0.0,0.0
47,0.9429146419997778,1789352958.8479075,17,-0.0014038841,-0.14123024,0.011210677,0.016255142,-4.1165886,-65.724495,-91.5906,-91.51687,-106.86492,-0.28311768,2.9698653,6.382473,70.787865,92.26485,88.20603,102.836395,-1.6789993,-1.0919861,0.0,0.0,0.0,0.0,0.0,0.01627196,-0.0,0.0,-18.999996,14.549995,-4.019994,48.119995,-33.18,29.099995,-26.580006,17.449997,-11.349998,5.459999,-27.720003,19.859999,-18.540005,-1.8,0.0,0.0,0.0,0.0,rl_constraint,1.40887095767539e-05,0.0,0.0,0.0,-10.936574935913086,-63.4863395690918,-92.23158264160156,-81.10910034179688,-113.32845306396484,6.622739315032959,-3.0082240104675293,11.047872543334961,68.09234619140625,93.89134979248047,83.5550765991211,106.84696960449219,-6.016653537750244,-2.191047191619873,0.0,0.0,0.0,0.0
48,0.9628780859998187,1789352958.867871,17,-0.0014004849,-0.14097416,0.011207279,0.016255142,-4.5374794,-65.44072,-91.6629,-90.541725,-107.50265,0.3308258,2.4357102,6.7501144,70.549065,92.36269,87.67476,103.24138,-2.0558305,-1.1400788,0.0,0.0,0.0,0.0,0.0,0.009894883,-0.0,0.0,-23.2,13.699997,-3.1199937,49.440002,-30.719997,29.999996,-27.0,19.400002,-12.349995,4.980006,-26.04,21.119993,-17.94,-2.7,0.0,0.0,0.0,0.0,rl_constraint,1.5323854313464835e-05,0.0,0.0,0.0,-12.118906021118164,-63.44582748413086,-92.24457550048828,-80.04277801513672,-113.83797454833984,7.436317443847656,-3.582009792327881,11.626932144165039,67.72527313232422,94.18942260742188,83.2088623046875,107.38235473632812,-6.569645404815674,-2.3975393772125244,0.0,0.0,0.0,0.0
49,0.9829601259998526,1789352958.8879535,17,-0.0013970856,-0.14084652,0.011207279,0.016255142,-5.0467186,-65.16728,-91.732376,-89.53841,-108.14181,0.96840364,1.8804886,7.160614,70.28981,92.49943,87.169235,103.644936,-2.4515579,-1.2172714,0.0,0.0,0.0,0.0,0.0,0.003078179,-0.0,0.0,-27.500004,12.949997,-3.8999953,50.819992,-32.46,33.000004,-27.0,21.05,-13.250004,7.080002,-24.719994,21.180006,-19.500004,-3.8399963,0.0,0.0,0.0,0.0,rl_constraint,1.5323854313464835e-05,0.0,0.0,0.0,-13.222554206848145,-63.463478088378906,-92.14295959472656,-79.05628967285156,-114.27301025390625,8.174749374389648,-4.065389633178711,12.142592430114746,67.38076782226562,94.45281982421875,82.88372039794922,107.89887237548828,-7.103813648223877,-2.6018571853637695,0.0,0.0,0.0,0.0
50,1.00299548699968,1789352958.9079885,17,-0.00057787,-0.14081915,0.011207279,0.016255142,-5.6340637,-64.92674,-91.814995,-88.52524,-108.77889,1.6317993,1.3102432,7.5902367,70.03633,92.635704,86.69099,104.04932,-2.8671844,-1.3047638,0.0,0.0,0.0,0.0,0.025987154,0.0,-0.0,0.0,-31.5,11.150002,-3.2400055,50.880005,-31.980007,32.639996,-28.500004,21.8,-12.849998,7.499995,-24.060003,20.400005,-21.719997,-4.440001,0.0,0.0,0.0,0.0,rl_constraint,1.6565209079999477e-05,0.0,0.0,0.0,-14.302066802978516,-63.390560150146484,-92.12836456298828,-78.00188446044922,-114.7979507446289,8.97411060333252,-4.513427734375,12.626002311706543,67.02252960205078,94.68755340576172,82.40151977539062,108.52788543701172,-7.652021884918213,-2.7780511379241943,0.0,0.0,0.0,0.0
51,1.0228322179996212,1789352958.9278252,17,-0.00045889674,-0.14078653,0.011207279,0.016255142,-6.306793,-64.707596,-91.8663,-87.506874,-109.40621,2.311194,0.7279541,8.033409,69.768555,92.784744,86.221634,104.45677,-3.2985625,-1.407431,0.0,0.0,0.0,0.0,0.0,0.0,-0.0,0.0,-35.850002,10.950005,-2.3400054,51.659996,-30.420002,33.659996,-30.119993,22.749996,-13.599998,7.7400055,-23.040005,19.919998,-20.999996,-5.519998,0.0,0.0,0.0,0.0,rl_constraint,1.6565209079999477e-05,0.0,0.0,0.0,-15.199853897094727,-63.31504440307617,-92.05305480957031,-77.06147766113281,-115.21483612060547,9.698782920837402,-4.880327224731445,12.972185134887695,66.62274169921875,94.88581085205078,81.93559265136719,109.12659454345703,-8.16943645477295,-2.9179117679595947,0.0,0.0,0.0,0.0
52,1.0428747699997984,1789352958.9478676,17,-0.0004452998,-0.14077285,0.011207279,0.016255142,-7.042179,-64.508286,-91.91301,-86.47581,-110.02438,3.0108032,0.14915314,8.50621,69.489845,92.963875,85.76904,104.87801,-3.746118,-1.5253143,0.0,0.0,0.0,0.0,0.0,0.0,-0.0,0.0,-38.399998,9.249996,-1.9199982,51.599995,-29.999996,36.96,-29.039997,24.400005,-14.700005,9.239996,-22.200005,22.260004,-22.080006,-6.359999,0.0,0.0,0.0,0.0,rl_constraint,1.6565209079999477e-05,0.0,0.0,0.0,-15.93678092956543,-63.29423141479492,-91.88129425048828,-76.17440032958984,-115.5757827758789,10.31474494934082,-5.126837253570557,13.19254207611084,66.30349731445312,94.99828338623047,81.44317626953125,109.68531799316406,-8.652000427246094,-3.034304618835449,0.0,0.0,0.0,0.0
53,1.0628604579997045,1789352958.9678535,17,-0.00042150516,-0.1407664,0.011207279,0.016251743,-7.8344765,-64.33481,-91.95807,-85.448296,-110.62645,3.720108,-0.42180634,8.999382,69.1985,93.15119,85.33591,105.312386,-4.2061706,-1.6584549,0.0,0.0,0.0,0.0,0.0,0.0030781755,-0.0,0.0,-40.55,8.25,-2.4600036,51.060005,-31.200005,34.860004,-27.299995,24.149998,-14.599995,9.720003,-20.939997,21.779997,-22.859995,-6.8400054,0.0,0.0,0.0,0.0,rl_constraint,1.7806563846534118e-05,0.0,0.0,0.0,-16.543596267700195,-63.145164489746094,-91.82540893554688,-75.25022888183594,-115.97489929199219,10.96255874633789,-5.324148654937744,13.389871597290039,65.92839050292969,95.10491943359375,80.79766845703125,110.33555603027344,-9.16911506652832,-3.116459369659424,0.0,0.0,0.0,0.0
54,1.083044899000015,1789352958.988038,17,-0.00041130747,-0.14076318,0.011207279,0.016251743,-8.661472,-64.17927,-91.99572,-84.422775,-111.21062,4.4346175,-0.97996676,9.471119,68.898766,93.347984,84.90394,105.75965,-4.6749163,-1.7978576,0.0,0.0,0.0,0.0,0.0,0.0,-0.0,0.0,-42.199997,7.5999985,-1.1999954,51.36,-27.720003,34.559994,-26.459995,23.050003,-14.900002,10.199995,-22.200005,21.899996,-24.539997,-7.6199937,0.0,0.0,0.0,0.0,rl_constraint,1.7806563846534118e-05,0.0,0.0,0.0,-16.965055465698242,-62.995506286621094,-91.70958709716797,-74.42191314697266,-116.28379821777344,11.506209373474121,-5.399171352386475,13.46424388885498,65.60051727294922,95.10860443115234,80.1240234375,110.94703674316406,-9.631226539611816,-3.1620144844055176,0.0,0.0,0.0,0.0
55,1.1031215849998262,1789352959.008115,17,-0.00041130747,-0.14076157,0.011207279,0.016251743,-9.5132675,-64.03028,-92.00461,-83.40772,-111.77514,5.1485777,-1.5140533,9.941231,68.590775,93.54441,84.46602,106.22406,-5.149072,-1.9413941,0.0,0.0,0.0,0.0,0.0,0.0,-0.0,0.0,-42.500004,6.8999977,0.41999358,50.639996,-26.339996,36.84,-26.94,23.549995,-15.600002,10.199995,-21.480001,24.599995,-23.4,-6.359999,0.0,0.0,0.0,0.0,rl_constraint,1.9041708583245054e-05,0.0,0.0,0.0,-17.22808265686035,-62.7879524230957,-91.62435150146484,-73.54466247558594,-116.68256378173828,12.041279792785645,-5.409679412841797,13.542131423950195,65.23725891113281,95.09768676757812,79.27179718017578,111.66741943359375,-10.105252265930176,-3.186426877975464,0.0,0.0,0.0,0.0
56,1.1229833610000242,1789352959.0279765,17,-0.00040790823,-0.14076117,0.011207279,0.016251743,-10.360027,-63.90278,-91.99097,-82.40004,-112.32043,5.8612337,-2.0185318,10.3971405,68.273705,93.73865,84.026085,106.705536,-5.630905,-2.085205,0.0,0.0,0.0,0.0,0.0,0.0,-0.0,0.0,-42.149998,6.199997,-0.17999725,50.160004,-27.239996,35.1,-24.359999,21.8,-16.049995,9.059999,-22.739996,23.579998,-25.020002,-7.080002,0.0,0.0,0.0,0.0,rl_constraint,1.9041708583245054e-05,0.0,0.0,0.0,-17.299203872680664,-62.62437438964844,-91.48167419433594,-72.79071044921875,-116.94038391113281,12.482863426208496,-5.31536865234375,13.48610782623291,64.82986450195312,95.03036499023438,78.46246337890625,112.36360168457031,-10.547382354736328,-3.164919137954712,0.0,0.0,0.0,0.0
57,1.1434222389998467,1789352959.0484152,17,-0.00041130747,-0.14076117,0.011207279,0.016251743,-11.207085,-63.77243,-91.993004,-81.38217,-112.85659,6.5844774,-2.494995,10.824097,67.94771,93.91879,83.55085,107.22092,-6.131209,-2.2258027,0.0,0.0,0.0,0.0,0.0,0.0,-0.0,0.0,-40.250004,6.500004,1.6800019,49.440002,-25.619993,33.840004,-22.080006,19.5,-16.300003,9.239996,-24.120003,24.960003,-25.259998,-6.359999,0.0,0.0,0.0,0.0,rl_constraint,1.9041708583245054e-05,0.0,0.0,0.0,-17.1755428314209,-62.52513885498047,-91.25516510009766,-72.1155014038086,-117.14799499511719,12.820180892944336,-5.072295188903809,13.299981117248535,64.47401428222656,94.84832000732422,77.6537094116211,113.01260375976562,-10.947296142578125,-3.117783308029175,0.0,0.0,0.0,0.0
58,1.1629433789998984,1789352959.0679364,17,-0.00050308683,-0.14076157,0.0112038795,0.016248344,-11.973141,-63.652954,-91.958916,-80.428474,-113.343575,7.252693,-2.9014618,11.19136,67.62936,94.07924,83.06462,107.72967,-6.604335,-2.346913,0.0,0.0,0.0,0.0,0.0,0.0,-0.0,0.0,-38.000004,6.4500046,1.3800064,48.480003,-23.4,32.880005,-18.660004,18.099998,-16.649998,8.1,-26.04,25.920002,-24.180002,-5.6999955,0.0,0.0,0.0,0.0,rl_constraint,2.026442962232977e-05,0.0,0.0,0.0,-16.911771774291992,-62.348655700683594,-91.14744567871094,-71.45550537109375,-117.3739242553711,13.191656112670898,-4.855432987213135,13.107637405395508,64.06578063964844,94.6837387084961,76.77201843261719,113.72034454345703,-11.396245002746582,-3.0623795986175537,0.0,0.0,0.0,0.0
59,1.1831825949998347,1789352959.0881755,17,-0.0006424555,-0.14076278,0.0112038795,0.016248344,-12.720383,-63.523865,-91.923874,-79.45091,-113.82794,7.930907,-3.2756972,11.545246,67.28174,94.22203,82.53141,108.280716,-7.100217,-2.4682846,0.0,0.0,0.0,0.0,0.0,0.0,-0.0,0.0,-34.45,6.6000023,2.2800064,46.979996,-24.419998,31.679996,-16.680006,15.999996,-17.25,7.080002,-26.519993,26.580006,-24.359999,-5.459999,0.0,0.0,0.0,0.0,rl_constraint,2.026442962232977e-05,0.0,0.0,0.0,-16.616657257080078,-62.21673583984375,-90.97595977783203,-70.88710021972656,-117.5367202758789,13.456870079040527,-4.516052722930908,12.977136611938477,63.660980224609375,94.45145416259766,75.92459869384766,114.3622055053711,-11.786978721618652,-3.0239996910095215,0.0,0.0,0.0,0.0
60,1.203031436999936,1789352959.1080246,17,-0.000679847,-0.14076479,0.0112038795,0.016248344,-13.355415,-63.398483,-91.865105,-78.542465,-114.26533,8.552444,-3.570172,11.8316,66.94867,94.34247,81.99738,108.8272,-7.571187,-2.5629592,0.0,0.0,0.0,0.0,0.0,0.0,-0.0,0.0,-30.650002,6.199997,3.480002,46.139996,-21.66,30.480001,-12.959994,13.250004,-17.050003,4.2000046,-28.019999,28.680002,-23.280003,-4.7999954,0.0,0.0,0.0,0.0,rl_constraint,2.1468511476996355e-05,0.0,0.0,0.0,-16.258258819580078,-62.038700103759766,-90.9011001586914,-70.35037231445312,-117.77326202392578,13.742405891418457,-4.177505016326904,12.88532829284668,63.25202941894531,94.2558822631836,75.05937957763672,115.02696228027344,-12.214839935302734,-2.993252992630005,0.0,0.0,0.0,0.0
61,1.2230389239998658,1789352959.1280322,17,-0.00071044016,-0.1407676,0.0112038795,0.016248344,-13.925365,-63.271957,-91.796074,-77.64289,-114.68654,9.162364,-3.8167877,12.070381,66.60235,94.42325,81.41209,109.40021,-8.046702,-2.6562333,0.0,0.0,0.0,0.0,0.0,0.0,-0.0,0.0,-26.25,5.950001,3.1800065,43.920002,-20.7,28.979998,-10.979998,10.5,-17.3,4.2000046,-30.779997,28.440006,-24.719994,-3.6,0.0,0.0,0.0,0.0,rl_constraint,2.1468511476996355e-05,0.0,0.0,0.0,-15.940427780151367,-61.90936279296875,-90.80824279785156,-69.96585845947266,-117.87030029296875,13.973219871520996,-3.803302764892578,12.850113868713379,62.782562255859375,94.04671478271484,74.31842803955078,115.60355377197266,-12.604124069213867,-2.988265037536621,0.0,0.0,0.0,0.0
62,1.2431095039996762,1789352959.1481028,17,-0.00076482794,-0.14077084,0.0112038795,0.016244944,-14.399723,-63.14242,-91.73237,-76.776115,-115.08017,9.741206,-3.9968262,12.259598,66.25239,94.47717,80.78827,109.98611,-8.51965,-2.7209976,0.0,0.0,0.0,0.0,0.0,0.0,-0.0,0.0,-21.299995,6.3499947,3.8399963,42.599995,-19.500004,27.660004,-7.499995,8.850002,-17.650005,1.5000045,-31.679996,29.580002,-22.260004,-2.9399962,0.0,0.0,0.0,0.0,rl_constraint,2.1468511476996355e-05,0.0,0.0,0.0,-15.570279121398926,-61.77045822143555,-90.6805419921875,-69.6722183227539,-117.9068832397461,14.130945205688477,-3.3719236850738525,12.787284851074219,62.41008377075195,93.78492736816406,73.68543243408203,116.06108093261719,-12.956647872924805,-2.9698684215545654,0.0,0.0,0.0,0.0
63,1.2632447319997482,1789352959.168238,17,-0.0013223025,-0.14077848,0.0112038795,0.016244944,-14.778923,-63.011032,-91.635864,-75.94618,-115.44413,10.28345,-4.117429,12.411266,65.8907,94.49543,80.13926,110.58287,-8.980829,-2.7770143,0.0,0.0,0.0,0.0,-0.025987154,0.0,-0.0,0.0,-16.799995,7.1500053,5.1600037,40.62,-17.700005,25.2,-4.380002,6.550003,-18.199997,0.29999542,-32.880005,29.879997,-22.320004,-3.4200027,0.0,0.0,0.0,0.0,rl_constraint,2.2647747755399905e-05,0.0,0.0,0.0,-15.331954956054688,-61.58592224121094,-90.6401596069336,-69.47362518310547,-117.93229675292969,14.313302993774414,-3.015397310256958,12.843681335449219,61.98558807373047,93.56874084472656,73.1246566772461,116.55430603027344,-13.358739852905273,-2.979680061340332,0.0,0.0,0.0,0.0
64,1.2830478999999286,1789352959.188041,17,-0.0014378765,-0.14078411,0.0112038795,0.016244944,-15.070862,-62.873405,-91.55069,-75.15655,-115.78086,10.786817,-4.169998,12.527218,65.52095,94.47619,79.467094,111.1837,-9.434715,-2.8267548,0.0,0.0,0.0,0.0,0.0,0.0,-0.0,0.0,-12.149998,6.75,4.0800066,38.039997,-15.900004,23.46,-0.8400009,5.3499985,-18.450005,-1.5600036,-33.840004,31.080006,-21.839996,-1.8599991,0.0,0.0,0.0,0.0,rl_constraint,2.2647747755399905e-05,0.0,0.0,0.0,-15.190834999084473,-61.41745376586914,-90.57878875732422,-69.43902587890625,-117.85411834716797,14.441449165344238,-2.6014907360076904,12.933186531066895,61.57510757446289,93.31709289550781,72.69902801513672,116.94231414794922,-13.705543518066406,-3.0363125801086426,0.0,0.0,0.0,0.0
65,1.3035661459998664,1789352959.2085595,17,-0.001475268,-0.14078774,0.0112038795,0.016241545,-15.279556,-62.739407,-91.44733,-74.40161,-116.092804,11.2659025,-4.157089,12.622639,65.139786,94.44078,78.7769,111.793236,-9.897624,-2.862735,0.0,0.0,0.0,0.0,0.0,0.0,-0.0,0.0,-8.449997,6.8999977,5.2200027,35.760002,-14.220003,22.980007,1.9199982,2.9500008,-18.500004,-2.2800064,-34.08,30.480001,-23.040005,-1.5000045,0.0,0.0,0.0,0.0,rl_constraint,2.3795921151759103e-05,0.0,0.0,0.0,-15.142705917358398,-61.19721603393555,-90.5867919921875,-69.46678924560547,-117.84660339355469,14.614177703857422,-2.217618465423584,13.175095558166504,61.164920806884766,93.12788391113281,72.32274627685547,117.33980560302734,-14.104703903198242,-3.1144042015075684,0.0,0.0,0.0,0.0
66,1.3229715879997457,1789352959.2279646,17,-0.001488865,-0.14079016,0.01120048,0.016241545,-15.408165,-62.6028,-91.358376,-73.737404,-116.35646,11.686377,-4.1031737,12.678177,64.773964,94.3901,78.12004,112.3676,-10.32458,-2.8922882,0.0,0.0,0.0,0.0,0.0,0.0,-0.0,0.0,-5.3999977,7.1500053,4.380002,32.519997,-13.140005,20.099995,3.8999953,3.1499977,-19.049995,-3.3600037,-33.539997,29.879997,-20.460003,-1.3199936,0.0,0.0,0.0,0.0,rl_constraint,2.3795921151759103e-05,0.0,0.0,0.0,-15.219374656677246,-61.02947998046875,-90.6250228881836,-69.69255828857422,-117.71392059326172,14.764348030090332,-1.8692193031311035,13.45398235321045,60.73647689819336,92.97721862792969,72.1712646484375,117.64315795898438,-14.492096900939941,-3.2210397720336914,0.0,0.0,0.0,0.0
67,1.3434802289998515,1789352959.2484734,17,-0.0014956634,-0.14079177,0.01120048,0.016241545,-15.481258,-62.456566,-91.2552,-73.1073,-116.595665,12.091196,-3.9990783,12.74778,64.377594,94.28997,77.43255,112.955414,-10.767206,-2.9192185,0.0,0.0,0.0,0.0,0.0,0.0,-0.0,0.0,-2.449997,7.4000015,5.0400057,28.979998,-10.440005,18.0,6.539996,2.7000046,-19.55,-5.519998,-32.819992,27.299995,-20.999996,-0.9599991,0.0,0.0,0.0,0.0,rl_constraint,2.3795921151759103e-05,0.0,0.0,0.0,-15.349008560180664,-60.90289306640625,-90.57532501220703,-70.03072357177734,-117.54548645019531,14.854660034179688,-1.5079708099365234,13.775518417358398,60.3610954284668,92.75794982910156,72.12976837158203,117.8503189086914,-14.851834297180176,-3.3419549465179443,0.0,0.0,0.0,0.0
68,1.3644909189997634,1789352959.269484,17,-0.001502462,-0.14079218,0.01120048,0.016238147,-15.520992,-62.30238,-91.17183,-72.55203,-116.79837,12.464663,-3.8470688,12.7985,63.971638,94.19257,76.771194,113.524666,-11.202209,-2.9410262,0.0,0.0,0.0,0.0,0.0,0.0,-0.0,0.0,-1.2000046,7.6499977,3.8399963,25.2,-9.179997,17.16,8.1,2.8500023,-19.699997,-5.2800016,-31.320004,26.339996,-21.839996,-1.2599945,0.0,0.0,0.0,0.0,rl_constraint,2.4906828912207857e-05,0.0,0.0,0.0,-15.643903732299805,-60.707611083984375,-90.70255279541016,-70.46556091308594,-117.40960693359375,15.017443656921387,-1.1857314109802246,14.208800315856934,59.940738677978516,92.65506744384766,72.1535415649414,118.11454010009766,-15.276141166687012,-3.4858932495117188,0.0,0.0,0.0,0.0
69,1.382564056999854,1789352959.2875571,17,-0.0015058612,-0.14079177,0.01120048,0.016238147,-15.535984,-62.16243,-91.09326,-72.109505,-116.95355,12.779228,-3.6713424,12.872166,63.602497,94.06203,76.19653,114.03133,-11.599256,-2.9811127,0.0,0.0,0.0,0.0,0.0,0.0,-0.0,0.0,-0.45000458,7.4000015,4.2600036,21.300005,-6.539996,15.960004,9.720003,4.9000053,-19.5,-7.020003,-29.159994,25.319998,-21.360004,-2.4000046,0.0,0.0,0.0,0.0,rl_constraint,2.4906828912207857e-05,0.0,0.0,0.0,-16.03421401977539,-60.59563064575195,-90.78433227539062,-71.08879852294922,-117.20442962646484,15.09481143951416,-0.819578230381012,14.743637084960938,59.59144973754883,92.51803588867188,72.3508529663086,118.24410247802734,-15.608175277709961,-3.6522185802459717,0.0,0.0,0.0,0.0
70,1.402847470999859,1789352959.3078406,17,-0.0015092604,-0.14079057,0.01120048,0.016234748,-15.544567,-62.00876,-91.02544,-71.732,-117.08491,13.0834255,-3.4581254,12.959873,63.20763,93.93124,75.63454,114.539406,-12.010364,-3.0161316,0.0,0.0,0.0,0.0,0.0,0.0,-0.0,0.0,-0.40000534,7.9000053,2.8199983,16.559994,-5.519998,14.880007,11.099996,4.3500023,-19.799995,-7.2599993,-26.219997,24.659994,-19.620003,-1.740001,0.0,0.0,0.0,0.0,rl_constraint,2.5974248273996636e-05,0.0,0.0,0.0,-16.47694969177246,-60.438114166259766,-90.96829986572266,-71.75399017333984,-117.09981536865234,15.21064567565918,-0.4525800347328186,15.29885482788086,59.20298385620117,92.46527099609375,72.51113891601562,118.44635772705078,-15.959226608276367,-3.792567729949951,0.0,0.0,0.0,0.0
71,1.423412305999591,1789352959.3284051,17,-0.001502462,-0.14078854,0.01120048,0.016234748,-15.554375,-61.85615,-90.968895,-71.45328,-117.1693,13.362946,-3.215959,13.076569,62.811104,93.79538,75.1391,115.016266,-12.417242,-3.0584977,0.0,0.0,0.0,0.0,0.0,0.0,-0.0,0.0,-0.8999977,7.450001,2.4000046,11.280006,-3.4200027,13.5,12.779997,6.550003,-20.449997,-6.960004,-23.4,22.919994,-20.099995,-2.4000046,0.0,0.0,0.0,0.0,rl_constraint,2.5974248273996636e-05,0.0,0.0,0.0,-16.9746150970459,-60.349369049072266,-91.17276000976562,-72.56906127929688,-116.86335754394531,15.263745307922363,-0.044192176312208176,15.967063903808594,58.79741287231445,92.45917510986328,72.77505493164062,118.60395812988281,-16.2719669342041,-3.9001522064208984,0.0,0.0,0.0,0.0
72,1.4432751119998102,1789352959.3482683,17,-0.001502462,-0.14077003,0.01120048,0.016231349,-15.584953,-61.701313,-90.925514,-71.26797,-117.23569,13.613846,-2.9526718,13.233845,62.414246,93.64372,74.701935,115.46071,-12.815661,-3.1152968,0.0,0.0,0.0,0.0,0.0,0.0,-0.0,0.0,-2.1500015,8.050003,1.6200027,6.479997,-2.3400054,11.879997,12.779997,8.800003,-19.799995,-6.539996,-19.919998,21.779997,-19.919998,-2.7,0.0,0.0,0.0,0.0,rl_constraint,2.5974248273996636e-05,0.0,0.0,0.0,-17.43105125427246,-60.31635284423828,-91.31797790527344,-73.46698760986328,-116.60530090332031,15.236583709716797,0.4335949122905731,16.531675338745117,58.45832824707031,92.41130828857422,73.0698013305664,118.66801452636719,-16.499807357788086,-3.9747045040130615,0.0,0.0,0.0,0.0
73,1.463179891999971,1789352959.368173,17,-0.0014990628,-0.14075553,0.01120048,0.016231349,-15.643959,-61.54628,-90.899574,-71.175995,-117.267075,13.84482,-2.6731248,13.426392,62.018692,93.50206,74.32847,115.87428,-13.210757,-3.1790862,0.0,0.0,0.0,0.0,0.0,0.0,-0.0,0.0,-4.2000046,7.4000015,0.5400055,2.3400054,-0.5400055,10.919998,14.160004,10.749996,-19.599998,-7.020003,-16.980001,18.84,-19.319994,-4.2000046,0.0,0.0,0.0,0.0,rl_constraint,2.699197648325935e-05,0.0,0.0,0.0,-17.881696701049805,-60.194862365722656,-91.61543273925781,-74.37797546386719,-116.38765716552734,15.226236343383789,0.9001691341400146,17.138599395751953,58.08086013793945,92.47355651855469,73.28968811035156,118.83422088623047,-16.736169815063477,-3.9993793964385986,0.0,0.0,0.0,0.0
74,1.483244934999675,1789352959.3882382,17,-0.0014956634,-0.1407044,0.01120048,0.01622795,-15.755001,-61.399406,-90.9015,-71.18389,-117.25217,14.050181,-2.372937,13.664486,61.62576,93.36583,74.02742,116.25569,-13.592999,-3.249701,0.0,0.0,0.0,0.0,0.0,0.0030781727,-0.0,0.0,-6.4500046,7.3500023,-1.2599945,-2.8199983,1.1999954,8.700005,15.3,12.600002,-19.749996,-7.2599993,-13.140005,17.760004,-17.94,-3.9599946,0.0,0.0,0.0,0.0,rl_constraint,2.699197648325935e-05,0.0,0.0,0.0,-18.26676368713379,-60.11205291748047,-91.90262603759766,-75.35539245605469,-116.1064224243164,15.133376121520996,1.476569414138794,17.703773498535156,57.756629943847656,92.48782348632812,73.44822692871094,118.97105407714844,-16.87746238708496,-3.969884157180786,0.0,0.0,0.0,0.0
75,1.5033251309996558,1789352959.4083183,17,-0.0014922642,-0.14062065,0.01120048,0.01622795,-15.901897,-61.25124,-90.9314,-71.29492,-117.21599,14.234614,-2.042029,13.954227,61.21995,93.23499,73.792984,116.611496,-13.973442,-3.3269348,0.0,0.0,0.0,0.0,0.0,0.0,-0.0,0.0,-8.25,7.0999947,-1.740001,-8.880002,2.5800018,8.219998,15.840006,15.249996,-19.649998,-5.7599945,-9.780002,16.2,-18.119999,-3.480002,0.0,0.0,0.0,0.0,rl_constraint,2.795379259623587e-05,0.0,0.0,0.0,-18.477638244628906,-59.966487884521484,-92.30084991455078,-76.28885650634766,-115.95611572265625,15.062170028686523,2.085698127746582,18.21487045288086,57.44636154174805,92.54513549804688,73.42594909667969,119.20460510253906,-17.013626098632812,-3.8802592754364014,0.0,0.0,0.0,0.0
76,1.5232396999999764,1789352959.4282327,17,-0.001488865,-0.14060937,0.011197081,0.01622115,-16.078331,-61.11326,-90.98167,-71.51861,-117.156815,14.385058,-1.7065475,14.272648,60.838966,93.12439,73.63054,116.9261,-14.320816,-3.3983872,0.0,0.0,0.0,0.0,0.0,0.0,-0.0,0.0,-9.899998,7.0499954,-3.480002,-13.739996,4.1400056,6.479997,16.740005,17.3,-19.55,-5.459999,-7.4399962,15.539996,-16.379997,-3.7199981,0.0,0.0,0.0,0.0,rl_constraint,2.795379259623587e-05,0.0,0.0,0.0,-18.576669692993164,-59.81966781616211,-92.7210922241211,-77.30927276611328,-115.70446014404297,14.909183502197266,2.8041725158691406,18.664358139038086,57.16960525512695,92.58474731445312,73.37610626220703,119.42676544189453,-17.059253692626953,-3.724609851837158,0.0,0.0,0.0,0.0
77,1.542726182000024,1789352959.447719,17,-0.0014854658,-0.14060253,0.011197081,0.016207553,-16.288788,-60.97777,-91.06433,-71.84169,-117.064545,14.515287,-1.3409774,14.643368,60.45059,93.03018,73.51154,117.22436,-14.66017,-3.4695237,0.0,0.0,0.0,0.0,0.0,0.0,-0.0,0.0,-11.200001,6.2999954,-4.619998,-17.94,4.619998,5.6999955,19.740002,19.300003,-19.049995,-4.440001,-4.9199934,13.919993,-15.240001,-3.4200027,0.0,0.0,0.0,0.0,rl_constraint,2.795379259623587e-05,0.0,0.0,0.0,-18.41353988647461,-59.68416213989258,-93.11725616455078,-78.2977294921875,-115.49144744873047,14.69352912902832,3.605658769607544,18.958431243896484,56.99879455566406,92.52091217041016,73.14976501464844,119.61022186279297,-17.06081771850586,-3.485888957977295,0.0,0.0,0.0,0.0
78,1.5627123699996446,1789352959.4677055,17,-0.0014820666,-0.1405969,0.011197081,0.016193956,-16.518631,-60.848637,-91.17039,-72.25171,-116.967606,14.614467,-0.94883424,15.032764,60.07315,92.94523,73.42345,117.50489,-14.976782,-3.5299346,0.0,0.0,0.0,0.0,0.0,0.0,-0.0,0.0,-11.299999,6.6000023,-6.1200027,-22.140005,5.8800063,4.440001,21.54,19.649998,-18.400005,-3.6599991,-3.6599991,12.420003,-15.000005,-2.0999954,0.0,0.0,0.0,0.0,rl_constraint,2.88534902210813e-05,0.0,0.0,0.0,-18.124256134033203,-59.48954391479492,-93.61151885986328,-79.2015151977539,-115.36958312988281,14.48514461517334,4.409852027893066,19.184276580810547,56.83302688598633,92.486328125,72.75982666015625,119.90492248535156,-17.06381607055664,-3.1953625679016113,0.0,0.0,0.0,0.0
79,1.5829953569996178,1789352959.4879885,17,-0.0014786673,-0.14059366,0.011197081,0.016183758,-16.747684,-60.71425,-91.31376,-72.74085,-116.83979,14.691028,-0.5232239,15.431305,59.70717,92.87296,73.36215,117.769485,-15.265352,-3.5596938,0.0,0.0,0.0,0.0,0.0,0.0,-0.0,0.0,-11.499996,6.2999954,-7.3799973,-26.94,5.6999955,3.3000045,21.360004,20.25,-17.700005,-3.3600037,-2.7,13.320003,-13.320003,-1.4400055,0.0,0.0,0.0,0.0,rl_constraint,2.88534902210813e-05,0.0,0.0,0.0,-17.62333869934082,-59.31508255004883,-94.09310150146484,-80.05630493164062,-115.26752471923828,14.231596946716309,5.2974371910095215,19.338979721069336,56.754478454589844,92.34626007080078,72.22620391845703,120.16961669921875,-16.998620986938477,-2.8158140182495117,0.0,0.0,0.0,0.0
80,1.6028230919996531,1789352959.5078158,17,-0.0014786673,-0.14059125,0.011197081,0.01617356,-16.961025,-60.586292,-91.49275,-73.30603,-116.70414,14.730771,-0.060273744,15.844791,59.354336,92.81358,73.30397,118.022995,-15.525179,-3.586734,0.0,0.0,0.0,0.0,0.0,0.0,-0.0,0.0,-9.799999,6.249996,-9.600004,-29.7,7.6199937,1.1399963,24.180002,21.099998,-17.25,-2.7,-3.6,12.300005,-12.899996,-0.5400055,0.0,0.0,0.0,0.0,rl_constraint,2.9684857508982532e-05,0.0,0.0,0.0,-16.909311294555664,-59.16246032714844,-94.62370300292969,-80.77275085449219,-115.32693481445312,14.036334991455078,6.192800045013428,19.393356323242188,56.689144134521484,92.21160888671875,71.48372650146484,120.50593566894531,-16.940664291381836,-2.4307398796081543,0.0,0.0,0.0,0.0
81,1.623337373999675,1789352959.5283306,17,-0.0014786673,-0.14058964,0.011197081,0.016159965,-17.138157,-60.45131,-91.70214,-73.93088,-116.56441,14.744394,0.4421997,16.267227,59.019184,92.76512,73.2218,118.27362,-15.756413,-3.5708039,0.0,0.0,0.0,0.0,0.0,0.0,-0.0,0.0,-7.300003,6.75,-10.620003,-32.639996,7.080002,0.059999086,25.680006,20.549995,-16.150005,-2.9999955,-4.3200026,12.480001,-11.580002,1.6800019,0.0,0.0,0.0,0.0,rl_constraint,2.9684857508982532e-05,0.0,0.0,0.0,-16.009387969970703,-59.09765625,-95.13016510009766,-81.42340850830078,-115.38444519042969,13.834179878234863,7.126681804656982,19.39588165283203,56.685447692871094,92.00314331054688,70.64998626708984,120.86736297607422,-16.858476638793945,-1.9792345762252808,0.0,0.0,0.0,0.0
82,1.643496734999644,1789352959.5484898,17,-0.0014786673,-0.14058883,0.011197081,0.016149767,-17.266914,-60.313934,-91.95433,-74.61591,-116.41867,14.711531,0.99592435,16.670998,58.698463,92.69994,73.12721,118.52573,-15.958054,-3.510379,0.0,0.0,0.0,0.0,0.0,0.0,-0.0,0.0,-4.4000015,6.999996,-13.320003,-34.379997,6.960004,-1.9799973,26.760004,18.7,-15.049999,-2.9999955,-5.6399965,11.879997,-9.540006,3.3600037,0.0,0.0,0.0,0.0,rl_constraint,2.9684857508982532e-05,0.0,0.0,0.0,-14.914665222167969,-59.108734130859375,-95.58648681640625,-81.97201538085938,-115.52623748779297,13.625946044921875,8.073999404907227,19.242774963378906,56.72539520263672,91.69747924804688,69.71949768066406,121.18757629394531,-16.736347198486328,-1.4560270309448242,0.0,0.0,0.0,0.0
83,1.6635559960000137,1789352959.568549,17,-0.0014820666,-0.14058843,0.011197081,0.016139569,-17.318333,-60.17696,-92.23761,-75.3139,-116.280914,14.672269,1.5757965,17.028843,58.412533,92.63941,72.96851,118.77204,-16.124249,-3.4284759,0.0,0.0,0.0,0.0,0.0,0.0,-0.0,0.0,-0.55000305,7.2000046,-14.880007,-35.16,6.3,-2.4000046,30.6,17.349998,-13.099995,-3.1800065,-8.640005,13.080007,-7.980002,5.2800016,0.0,0.0,0.0,0.0,rl_constraint,3.0441677154158242e-05,0.0,0.0,0.0,-13.749878883361816,-59.15298843383789,-96.08614349365234,-82.3545913696289,-115.79265594482422,13.534010887145996,8.96435832977295,19.09654998779297,56.7542610168457,91.43929290771484,68.70155334472656,121.58187866210938,-16.68199920654297,-0.9831414222717285,0.0,0.0,0.0,0.0
84,1.6832970699997531,1789352959.5882902,17,-0.0016826214,-0.14058883,0.011197081,0.01612937,-17.28249,-60.047676,-92.54096,-76.03212,-116.16699,14.611995,2.1993117,17.367897,58.15702,92.578285,72.7545,119.02471,-16.261208,-3.3035476,0.0,0.0,0.0,0.0,0.0,0.0,-0.0,0.0,4.5,6.2999954,-16.140001,-35.760002,5.459999,-3.1800065,33.000004,16.350002,-12.550003,-3.540001,-11.999995,12.480001,-5.9400053,7.499995,0.0,0.0,0.0,0.0,rl_constraint,3.0441677154158242e-05,0.0,0.0,0.0,-12.622490882873535,-59.18944549560547,-96.5460433959961,-82.70687866210938,-116.05850982666016,13.44817066192627,9.867203712463379,18.964445114135742,56.82006072998047,91.12699127197266,67.69434356689453,121.90877532958984,-16.59280776977539,-0.5093158483505249,0.0,0.0,0.0,0.0
85,1.7027627019997453,1789352959.6077557,17,-0.0017370092,-0.14058964,0.011197081,0.016119173,-17.149704,-59.926758,-92.869835,-76.72951,-116.0699,14.531466,2.8400483,17.663624,57.931286,92.489075,72.48489,119.28217,-16.370646,-3.1463332,0.0,0.0,0.0,0.0,0.0,0.0,-0.0,0.0,9.049999,6.0,-17.580006,-35.640007,4.2600036,-4.440001,33.42,13.900005,-10.5,-4.980006,-15.900004,13.380002,-4.6799974,9.299995,0.0,0.0,0.0,0.0,rl_constraint,3.111774640274234e-05,0.0,0.0,0.0,-11.469645500183105,-59.21299743652344,-97.019287109375,-82.9297103881836,-116.42112731933594,13.422481536865234,10.706108093261719,18.843849182128906,56.873626708984375,90.82487487792969,66.67744445800781,122.26541900634766,-16.560646057128906,-0.06881286948919296,0.0,0.0,0.0,0.0
86,1.722455713999807,1789352959.6274486,17,-0.0017642031,-0.14059085,0.011197081,0.016108975,-16.90385,-59.810852,-93.22983,-77.42714,-116.006256,14.438136,3.5328324,17.909443,57.735226,92.394844,72.13516,119.55092,-16.443525,-2.94321,0.0,0.0,0.0,0.0,0.0,0.0,-0.0,0.0,14.850002,5.050003,-18.480007,-33.719994,2.7,-4.619998,34.860004,11.100002,-8.299999,-5.1000047,-19.259995,14.880007,-2.8799973,10.079997,0.0,0.0,0.0,0.0,rl_constraint,3.111774640274234e-05,0.0,0.0,0.0,-10.476553916931152,-59.2108039855957,-97.47509002685547,-83.11991119384766,-116.71906280517578,13.402482032775879,11.457303047180176,18.79294776916504,56.90952682495117,90.5440673828125,65.78410339355469,122.57959747314453,-16.517244338989258,0.33951395750045776,0.0,0.0,0.0,0.0
87,1.7424347859996487,1789352959.6474276,17,-0.001791397,-0.14059205,0.0111936815,0.016098779,-16.554691,-59.714172,-93.60856,-78.09586,-115.9702,14.336362,4.2608137,18.10873,57.575787,92.26116,71.70896,119.82846,-16.507631,-2.7052598,0.0,0.0,0.0,0.0,0.0,0.0,-0.0,0.0,20.150002,4.9000053,-20.039997,-32.819992,0.9599991,-4.559999,35.700005,8.800003,-7.0499954,-6.6599946,-23.759995,14.579997,-2.1599946,12.779997,0.0,0.0,0.0,0.0,rl_constraint,3.111774640274234e-05,0.0,0.0,0.0,-9.56434440612793,-59.164405822753906,-97.87355041503906,-83.26143646240234,-117.01866149902344,13.394905090332031,12.159573554992676,18.666576385498047,56.98245620727539,90.19775390625,65.0203628540039,122.78189086914062,-16.491037368774414,0.7101904153823853,0.0,0.0,0.0,0.0
88,1.7624363909999374,1789352959.6674292,17,-0.0018117924,-0.14059326,0.0111936815,0.01608858,-16.100601,-59.628845,-94.00059,-78.73067,-115.97307,14.233955,5.0060854,18.270962,57.436546,92.1201,71.2073,120.11152,-16.553692,-2.435559,0.0,0.0,0.0,0.0,0.0,0.0,-0.0,0.0,25.049995,3.8999977,-19.919998,-30.959995,-1.8599991,-4.980006,37.92,7.5999985,-5.9000015,-8.399996,-26.760004,14.880007,-1.6200027,13.380002,0.0,0.0,0.0,0.0,rl_constraint,3.170684794895351e-05,0.0,0.0,0.0,-8.861481666564941,-59.02518844604492,-98.31060028076172,-83.31887817382812,-117.33290100097656,13.429047584533691,12.710137367248535,18.647092819213867,56.98945999145508,89.94869232177734,64.38797760009766,122.99093627929688,-16.531476974487305,1.0189576148986816,0.0,0.0,0.0,0.0
89,1.7822751379999318,1789352959.6872678,17,-0.0018287885,-0.14059408,0.0111936815,0.016078383,-15.560406,-59.552536,-94.39795,-79.328964,-116.0198,14.13468,5.767891,18.399925,57.33403,91.95675,70.657555,120.39865,-16.57403,-2.1445038,0.0,0.0,0.0,0.0,0.0,0.0,-0.0,0.0,29.050003,3.6000023,-20.340006,-29.159994,-2.9399962,-4.7399964,38.280006,5.5499954,-5.1000023,-8.880002,-29.099995,15.180002,-0.7800018,14.639997,0.0,0.0,0.0,0.0,rl_constraint,3.170684794895351e-05,0.0,0.0,0.0,-8.41536808013916,-58.86915969848633,-98.6656265258789,-83.36939239501953,-117.60033416748047,13.458457946777344,13.19404125213623,18.680034637451172,56.99653625488281,89.6655044555664,63.924556732177734,123.11012268066406,-16.517831802368164,1.2578132152557373,0.0,0.0,0.0,0.0
90,1.8023191600000246,1789352959.7073119,17,-0.0018423855,-0.14059448,0.0111936815,0.016071584,-14.952656,-59.48831,-94.81433,-79.87232,-116.094,14.03844,6.5332947,18.488457,57.24528,91.77429,70.05935,120.68492,-16.586498,-1.8326569,0.0,0.0,0.0,0.0,0.0,0.0,-0.0,0.0,31.950005,3.1499977,-21.119993,-25.2,-3.8399963,-4.980006,39.180008,3.550003,-3.3499947,-9.660004,-30.839996,14.819994,-0.5400055,16.080002,0.0,0.0,0.0,0.0,rl_constraint,3.220276630599983e-05,0.0,0.0,0.0,-8.207996368408203,-58.6231689453125,-99.05372619628906,-83.33403015136719,-117.92131042480469,13.552437782287598,13.535837173461914,18.78801727294922,56.96627426147461,89.45939636230469,63.61278533935547,123.20756530761719,-16.556194305419922,1.4167171716690063,0.0,0.0,0.0,0.0
91,1.8223456599998826,1789352959.7273386,17,-0.0018457847,-0.14059448,0.0111936815,0.016061386,-14.2990265,-59.42316,-95.2343,-80.35951,-116.18796,13.949231,7.2901564,18.562454,57.17877,91.57588,69.43086,120.96432,-16.580017,-1.5102355,0.0,0.0,0.0,0.0,0.0,0.0,-0.0,0.0,33.450005,3.2999954,-20.819998,-23.46,-5.6399965,-3.6599991,36.480007,3.5000038,-3.2999954,-10.919998,-32.160004,14.699995,1.2599945,16.980001,0.0,0.0,0.0,0.0,rl_constraint,3.220276630599983e-05,0.0,0.0,0.0,-8.298656463623047,-58.36909103393555,-99.40100860595703,-83.27433776855469,-118.15079498291016,13.659782409667969,13.750720024108887,19.021987915039062,56.907508850097656,89.28512573242188,63.575130462646484,123.24949645996094,-16.593162536621094,1.5069524049758911,0.0,0.0,0.0,0.0
92,1.8433981839998523,1789352959.7483912,17,-0.0018491839,-0.14059326,0.0111936815,0.016054587,-13.613571,-59.350925,-95.66186,-80.80778,-116.32331,13.875265,8.048556,18.607578,57.123505,91.34828,68.77623,121.24299,-16.574743,-1.1731201,0.0,0.0,0.0,0.0,0.0,0.0030781678,-0.0,0.0,33.199997,3.8499985,-20.580002,-20.999996,-6.7199936,-3.1800065,36.9,1.4000015,-1.5999985,-10.979998,-31.380001,14.100004,-0.9599991,16.860004,0.0,0.0,0.0,0.0,rl_constraint,3.220276630599983e-05,0.0,0.0,0.0,-8.656437873840332,-58.085147857666016,-99.7010726928711,-83.20006561279297,-118.395751953125,13.822388648986816,13.828166007995605,19.29350471496582,56.8671760559082,89.10460662841797,63.742977142333984,123.20217895507812,-16.640213012695312,1.5499563217163086,0.0,0.0,0.0,0.0
93,1.8630644479999319,1789352959.7680576,17,-0.001835587,-0.14051032,0.0111936815,0.016023995,-12.974453,-59.271538,-96.0601,-81.18563,-116.46986,13.815226,8.735573,18.64325,57.092365,91.14129,68.1732,121.491516,-16.589699,-0.86267394,0.0,0.0,0.0,0.0,0.0,0.009455138,-0.0,0.0,31.900005,4.2000046,-20.280006,-17.339996,-9.239996,-2.3400054,35.519993,2.1000023,-0.9999962,-10.560003,-30.180006,11.520002,-0.11999817,15.060003,0.0,0.0,0.0,0.0,rl_constraint,3.259929872001521e-05,0.0,0.0,0.0,-9.30290412902832,-57.80323791503906,-100.00163269042969,-83.08782958984375,-118.65502166748047,14.046304702758789,13.766788482666016,19.734821319580078,56.772804260253906,89.07157135009766,64.178955078125,123.12464141845703,-16.793170928955078,1.520592212677002,0.0,0.0,0.0,0.0
94,1.8829798059996392,1789352959.787973,17,-0.0018185908,-0.14022042,0.0111936815,0.015993401,-12.361336,-59.183773,-96.474915,-81.50596,-116.64013,13.777995,9.400205,18.696533,57.076355,90.92234,67.588234,121.72673,-16.578575,-0.55855864,0.0,0.0,0.0,0.0,0.0,0.022428833,-0.0,0.0,28.699997,5.000004,-20.999996,-15.479998,-9.9,-1.740001,32.819992,2.9000015,-1.1500053,-11.159994,-28.139996,10.620003,0.66000366,15.060003,0.0,0.0,0.0,0.0,rl_constraint,3.259929872001521e-05,0.0,0.0,0.0,-10.237624168395996,-57.58627700805664,-100.25208282470703,-82.9210205078125,-118.95071411132812,14.348433494567871,13.572382926940918,20.2934513092041,56.6320686340332,89.07728576660156,64.76642608642578,122.98836517333984,-16.894582748413086,1.4297126531600952,0.0,0.0,0.0,0.0
95,1.9029625789999045,1789352959.8079557,17,-0.0018049938,-0.13961768,0.011190282,0.015969606,-11.826588,-59.075237,-96.88144,-81.78427,-116.82827,13.756627,10.009712,18.75848,57.032204,90.69916,67.05368,121.93605,-16.588146,-0.27125245,0.0,0.0,0.0,0.0,0.0,0.04331842,-0.0,0.0,24.450005,5.499996,-19.380007,-12.360003,-9.419993,-0.059999086,28.859999,3.0,-2.8500023,-11.280006,-24.780006,9.419993,-1.9799973,14.519999,0.0,0.0,0.0,0.0,rl_constraint,3.289022424723953e-05,0.0,0.0,0.0,-11.325352668762207,-57.401649475097656,-100.49185180664062,-82.66618347167969,-119.35458374023438,14.75295352935791,13.22639274597168,20.934406280517578,56.47323226928711,89.13143157958984,65.49383544921875,122.86286926269531,-17.060272216796875,1.303631067276001,0.0,0.0,0.0,0.0
96,1.92286521799997,1789352959.8278582,17,0.00024474494,-0.13850039,0.011190282,0.015952611,-11.386448,-58.94822,-97.273445,-82.0146,-117.03311,13.781497,10.552149,18.845547,56.97821,90.489235,66.61145,122.11602,-16.608677,-0.014996338,0.0,0.0,0.0,0.0,0.27103803,0.06420677,-0.0,0.0,19.250004,6.6000023,-19.440006,-10.199995,-11.520002,1.3199936,24.180002,6.049999,-2.25,-10.139997,-19.560003,7.6199937,-0.66000366,11.400004,0.0,0.0,0.0,0.0,rl_constraint,3.289022424723953e-05,0.0,0.0,0.0,-12.575121879577637,-57.33637619018555,-100.6894760131836,-82.34844207763672,-119.73432922363281,15.280014991760254,12.793516159057617,21.63221549987793,56.26884078979492,89.2354507446289,66.33985137939453,122.80573272705078,-17.257484436035156,1.1625852584838867,0.0,0.0,0.0,0.0
97,1.9434277949999341,1789352959.8484209,17,0.004364618,-0.1373364,0.011190282,0.015932215,-11.056252,-58.804012,-97.670555,-82.19658,-117.26032,13.826294,11.032608,18.982567,56.9485,90.30355,66.253136,122.27011,-16.626957,0.2139862,0.0,0.0,0.0,0.0,0.0,0.053651445,-0.0,0.0,13.099995,7.300003,-18.96,-7.2599993,-12.540001,2.5200028,22.019993,6.999996,-1.5499992,-8.700005,-15.359999,6.2400007,-1.3199936,9.959999,0.0,0.0,0.0,0.0,rl_constraint,3.289022424723953e-05,0.0,0.0,0.0,-13.859631538391113,-57.37632369995117,-100.78958129882812,-81.96096801757812,-120.12067413330078,15.865882873535156,12.342799186706543,22.25581932067871,56.0495719909668,89.35074615478516,67.20730590820312,122.74185180664062,-17.407262802124023,1.0479810237884521,0.0,0.0,0.0,0.0
98,1.9632554949998848,1789352959.8682482,17,0.004062086,-0.13662417,0.011190282,0.015915219,-10.859264,-58.655514,-98.039604,-82.32196,-117.50003,13.894368,11.413587,19.15709,56.911514,90.1399,66.0088,122.389656,-16.674747,0.4007538,0.0,0.0,0.0,0.0,0.0,0.015391579,-0.0,0.0,6.6500015,7.5999985,-17.339996,-5.8199935,-12.180006,4.980006,16.860004,10.250004,-2.0000038,-9.059999,-9.540006,5.4,-2.9399962,9.059999,0.0,0.0,0.0,0.0,rl_constraint,3.3069336495827883e-05,0.0,0.0,0.0,-15.155646324157715,-57.5085563659668,-100.83638000488281,-81.51263427734375,-120.4663314819336,16.48338508605957,11.8761568069458,22.85830307006836,55.749176025390625,89.5675277709961,68.10084533691406,122.73753356933594,-17.580472946166992,0.9406620264053345,0.0,0.0,0.0,0.0
